'pnpm' is not recognized as an internal or external command,
operable program or batch file.
'pnpm' is not recognized as an internal or external command,
operable program or batch file.
'pnpm' is not recognized as an internal or external command,
operable program or batch file.
'pnpm' is not recognized as an internal or external command,
operable program or batch file.
'pnpm' is not recognized as an internal or external command,
operable program or batch file.
'pnpm' is not recognized as an internal or external command,
operable program or batch file.
'pnpm' is not recognized as an internal or external command,
operable program or batch file.
'pnpm' is not recognized as an internal or external command,
operable program or batch file.
'pnpm' is not recognized as an internal or external command,
operable program or batch file.
'pnpm' is not recognized as an internal or external command,
operable program or batch file.
'pnpm' is not recognized as an internal or external command,
operable program or batch file.
'pnpm' is not recognized as an internal or external command,
operable program or batch file.
'pnpm' is not recognized as an internal or external command,
operable program or batch file.
'pnpm' is not recognized as an internal or external command,
operable program or batch file.
'pnpm' is not recognized as an internal or external command,
operable program or batch file.
'pnpm' is not recognized as an internal or external command,
operable program or batch file.
'pnpm' is not recognized as an internal or external command,
operable program or batch file.
'pnpm' is not recognized as an internal or external command,
operable program or batch file.
'pnpm' is not recognized as an internal or external command,
operable program or batch file.
'pnpm' is not recognized as an internal or external command,
operable program or batch file.

[7m[1m[36m NX [39m[22m[27m  [36mRunning target [1mserve[22m for project api and [1m1[22m task it depends on:[39m

[2m[36m[39m[22m

[2m> [22m[2mnx run[22m api:build:development  [2m[local cache][22m

[2m> [22mwebpack-cli build --node-env=development

webpack compiled [1m[32msuccessfully[39m[22m (c1d9e12f8f4f6740)

[2m> [22m[2mnx run[22m api:serve:development

[1m[33mNX Daemon is not running. Node process will not restart automatically after file changes.[39m[22m
'pnpm' is not recognized as an internal or external command,
operable program or batch file.
'pnpm' is not recognized as an internal or external command,
operable program or batch file.
'pnpm' is not recognized as an internal or external command,
operable program or batch file.
'pnpm' is not recognized as an internal or external command,
operable program or batch file.
'pnpm' is not recognized as an internal or external command,
operable program or batch file.
'pnpm' is not recognized as an internal or external command,
operable program or batch file.
'pnpm' is not recognized as an internal or external command,
operable program or batch file.
'pnpm' is not recognized as an internal or external command,
operable program or batch file.
'pnpm' is not recognized as an internal or external command,
operable program or batch file.
'pnpm' is not recognized as an internal or external command,
operable program or batch file.
'pnpm' is not recognized as an internal or external command,
operable program or batch file.
'pnpm' is not recognized as an internal or external command,
operable program or batch file.
'pnpm' is not recognized as an internal or external command,
operable program or batch file.
'pnpm' is not recognized as an internal or external command,
operable program or batch file.
'pnpm' is not recognized as an internal or external command,
operable program or batch file.
'pnpm' is not recognized as an internal or external command,
operable program or batch file.
'pnpm' is not recognized as an internal or external command,
operable program or batch file.
'pnpm' is not recognized as an internal or external command,
operable program or batch file.
'pnpm' is not recognized as an internal or external command,
operable program or batch file.
[2m> [22m[2mnx run[22m api:build:development  [2m[local cache][22m
[2m> [22mwebpack-cli build --node-env=development
webpack compiled [1m[32msuccessfully[39m[22m (c1d9e12f8f4f6740)
[2m[32m[39m[22m
[7m[1m[32m NX [39m[22m[27m  [32mSuccessfully ran target [1mbuild[22m for project api[39m
[2mNx read the output from the cache instead of running the command for 1 out of 1 tasks.[22m
[7m[1m[33m NX [39m[22m[27m  [33mNx Cloud encountered some problems[39m
This workspace is more than three days old and is not connected. Workspaces must be connected within 3 days of creation. Claim your workspace at https://cloud.nx.app
[1m[31mDebugger listening on ws://localhost:9229/a8db420c-6b1e-42ff-a512-832a46d3cde2
Debugger listening on ws://localhost:9229/a8db420c-6b1e-42ff-a512-832a46d3cde2
For help, see: https://nodejs.org/learn/getting-started/debugging
[39m[22m
[32m[Nest] 30680  - [39m08/18/2026, 3:26:05 PM [32m    LOG[39m [38;5;3m[NestFactory] [39m[32mStarting Nest application...[39m
[32m[Nest] 30680  - [39m08/18/2026, 3:26:05 PM [32m    LOG[39m [38;5;3m[InstanceLoader] [39m[32mConfigModule dependencies initialized[39m[38;5;3m +88ms[39m
[32m[Nest] 30680  - [39m08/18/2026, 3:26:05 PM [32m    LOG[39m [38;5;3m[InstanceLoader] [39m[32mTypeOrmModule dependencies initialized[39m[38;5;3m +0ms[39m
[32m[Nest] 30680  - [39m08/18/2026, 3:26:05 PM [32m    LOG[39m [38;5;3m[InstanceLoader] [39m[32mTypeOrmModule dependencies initialized[39m[38;5;3m +0ms[39m
[32m[Nest] 30680  - [39m08/18/2026, 3:26:05 PM [32m    LOG[39m [38;5;3m[InstanceLoader] [39m[32mCacheModule dependencies initialized[39m[38;5;3m +0ms[39m
[32m[Nest] 30680  - [39m08/18/2026, 3:26:05 PM [32m    LOG[39m [38;5;3m[InstanceLoader] [39m[32mPassportModule dependencies initialized[39m[38;5;3m +0ms[39m
[32m[Nest] 30680  - [39m08/18/2026, 3:26:05 PM [32m    LOG[39m [38;5;3m[InstanceLoader] [39m[32mPubSubModule dependencies initialized[39m[38;5;3m +0ms[39m
[32m[Nest] 30680  - [39m08/18/2026, 3:26:05 PM [32m    LOG[39m [38;5;3m[InstanceLoader] [39m[32mConfigHostModule dependencies initialized[39m[38;5;3m +10ms[39m
[33m[Nest] 30680  - [39m08/18/2026, 3:26:05 PM [33m   WARN[39m [38;5;3m[EmailService] [39m[33mSMTP_HOST not configured — emails will be logged to console only[39m
[33m[Nest] 30680  - [39m08/18/2026, 3:26:05 PM [33m   WARN[39m [38;5;3m[EmailService] [39m[33mSMTP_HOST not configured — emails will be logged to console only[39m
[32m[Nest] 30680  - [39m08/18/2026, 3:26:05 PM [32m    LOG[39m [38;5;3m[InstanceLoader] [39m[32mConfigModule dependencies initialized[39m[38;5;3m +1ms[39m
[32m[Nest] 30680  - [39m08/18/2026, 3:26:05 PM [32m    LOG[39m [38;5;3m[InstanceLoader] [39m[32mConfigModule dependencies initialized[39m[38;5;3m +0ms[39m
[32m[Nest] 30680  - [39m08/18/2026, 3:26:05 PM [32m    LOG[39m [38;5;3m[InstanceLoader] [39m[32mLoggerModule dependencies initialized[39m[38;5;3m +78ms[39m
[32m[Nest] 30680  - [39m08/18/2026, 3:26:05 PM [32m    LOG[39m [38;5;3m[InstanceLoader] [39m[32mJwtModule dependencies initialized[39m[38;5;3m +14ms[39m
[32m[Nest] 30680  - [39m08/18/2026, 3:26:05 PM [32m    LOG[39m [38;5;3m[InstanceLoader] [39m[32mGraphQLSchemaBuilderModule dependencies initialized[39m[38;5;3m +1ms[39m
[32m[Nest] 30680  - [39m08/18/2026, 3:26:05 PM [32m    LOG[39m [38;5;3m[InstanceLoader] [39m[32mAppModule dependencies initialized[39m[38;5;3m +0ms[39m
[90m[4mquery:[24m[39m [94mSELECT[0m [95mversion[0m[37m([0m[37m)[0m
[90m[4mquery:[24m[39m [94mSELECT[0m [37m*[0m [94mFROM[0m [95mcurrent_schema[0m[37m([0m[37m)[0m
[90m[4mquery:[24m[39m [94mCREATE[0m [37mEXTENSION[0m [94mIF[0m [94mNOT[0m [94mEXISTS[0m [37m"uuid-ossp"[0m
[32m[Nest] 30680  - [39m08/18/2026, 3:26:05 PM [32m    LOG[39m [38;5;3m[InstanceLoader] [39m[32mTypeOrmCoreModule dependencies initialized[39m[38;5;3m +168ms[39m
[32m[Nest] 30680  - [39m08/18/2026, 3:26:05 PM [32m    LOG[39m [38;5;3m[InstanceLoader] [39m[32mTypeOrmModule dependencies initialized[39m[38;5;3m +0ms[39m
[32m[Nest] 30680  - [39m08/18/2026, 3:26:05 PM [32m    LOG[39m [38;5;3m[InstanceLoader] [39m[32mTypeOrmModule dependencies initialized[39m[38;5;3m +0ms[39m
[32m[Nest] 30680  - [39m08/18/2026, 3:26:05 PM [32m    LOG[39m [38;5;3m[InstanceLoader] [39m[32mTypeOrmModule dependencies initialized[39m[38;5;3m +0ms[39m
[32m[Nest] 30680  - [39m08/18/2026, 3:26:05 PM [32m    LOG[39m [38;5;3m[InstanceLoader] [39m[32mTypeOrmModule dependencies initialized[39m[38;5;3m +0ms[39m
[32m[Nest] 30680  - [39m08/18/2026, 3:26:05 PM [32m    LOG[39m [38;5;3m[InstanceLoader] [39m[32mTypeOrmModule dependencies initialized[39m[38;5;3m +0ms[39m
[32m[Nest] 30680  - [39m08/18/2026, 3:26:05 PM [32m    LOG[39m [38;5;3m[InstanceLoader] [39m[32mTypeOrmModule dependencies initialized[39m[38;5;3m +0ms[39m
[32m[Nest] 30680  - [39m08/18/2026, 3:26:05 PM [32m    LOG[39m [38;5;3m[InstanceLoader] [39m[32mTypeOrmModule dependencies initialized[39m[38;5;3m +0ms[39m
[32m[Nest] 30680  - [39m08/18/2026, 3:26:05 PM [32m    LOG[39m [38;5;3m[InstanceLoader] [39m[32mTypeOrmModule dependencies initialized[39m[38;5;3m +0ms[39m
[32m[Nest] 30680  - [39m08/18/2026, 3:26:05 PM [32m    LOG[39m [38;5;3m[InstanceLoader] [39m[32mTypeOrmModule dependencies initialized[39m[38;5;3m +0ms[39m
[32m[Nest] 30680  - [39m08/18/2026, 3:26:05 PM [32m    LOG[39m [38;5;3m[InstanceLoader] [39m[32mTypeOrmModule dependencies initialized[39m[38;5;3m +0ms[39m
[32m[Nest] 30680  - [39m08/18/2026, 3:26:05 PM [32m    LOG[39m [38;5;3m[InstanceLoader] [39m[32mTypeOrmModule dependencies initialized[39m[38;5;3m +0ms[39m
[32m[Nest] 30680  - [39m08/18/2026, 3:26:05 PM [32m    LOG[39m [38;5;3m[InstanceLoader] [39m[32mTypeOrmModule dependencies initialized[39m[38;5;3m +0ms[39m
[32m[Nest] 30680  - [39m08/18/2026, 3:26:05 PM [32m    LOG[39m [38;5;3m[InstanceLoader] [39m[32mTypeOrmModule dependencies initialized[39m[38;5;3m +0ms[39m
[32m[Nest] 30680  - [39m08/18/2026, 3:26:05 PM [32m    LOG[39m [38;5;3m[InstanceLoader] [39m[32mTypeOrmModule dependencies initialized[39m[38;5;3m +0ms[39m
[32m[Nest] 30680  - [39m08/18/2026, 3:26:05 PM [32m    LOG[39m [38;5;3m[InstanceLoader] [39m[32mTypeOrmModule dependencies initialized[39m[38;5;3m +0ms[39m
[32m[Nest] 30680  - [39m08/18/2026, 3:26:05 PM [32m    LOG[39m [38;5;3m[InstanceLoader] [39m[32mTypeOrmModule dependencies initialized[39m[38;5;3m +0ms[39m
[32m[Nest] 30680  - [39m08/18/2026, 3:26:05 PM [32m    LOG[39m [38;5;3m[InstanceLoader] [39m[32mTypeOrmModule dependencies initialized[39m[38;5;3m +0ms[39m
[32m[Nest] 30680  - [39m08/18/2026, 3:26:05 PM [32m    LOG[39m [38;5;3m[InstanceLoader] [39m[32mTypeOrmModule dependencies initialized[39m[38;5;3m +0ms[39m
[32m[Nest] 30680  - [39m08/18/2026, 3:26:05 PM [32m    LOG[39m [38;5;3m[InstanceLoader] [39m[32mTypeOrmModule dependencies initialized[39m[38;5;3m +0ms[39m
[32m[Nest] 30680  - [39m08/18/2026, 3:26:05 PM [32m    LOG[39m [38;5;3m[InstanceLoader] [39m[32mTypeOrmModule dependencies initialized[39m[38;5;3m +0ms[39m
[32m[Nest] 30680  - [39m08/18/2026, 3:26:05 PM [32m    LOG[39m [38;5;3m[InstanceLoader] [39m[32mTypeOrmModule dependencies initialized[39m[38;5;3m +0ms[39m
[32m[Nest] 30680  - [39m08/18/2026, 3:26:05 PM [32m    LOG[39m [38;5;3m[InstanceLoader] [39m[32mTypeOrmModule dependencies initialized[39m[38;5;3m +0ms[39m
[32m[Nest] 30680  - [39m08/18/2026, 3:26:05 PM [32m    LOG[39m [38;5;3m[InstanceLoader] [39m[32mTypeOrmModule dependencies initialized[39m[38;5;3m +0ms[39m
[32m[Nest] 30680  - [39m08/18/2026, 3:26:05 PM [32m    LOG[39m [38;5;3m[InstanceLoader] [39m[32mTypeOrmModule dependencies initialized[39m[38;5;3m +0ms[39m
[32m[Nest] 30680  - [39m08/18/2026, 3:26:05 PM [32m    LOG[39m [38;5;3m[InstanceLoader] [39m[32mTypeOrmConfigModule dependencies initialized[39m[38;5;3m +1ms[39m
[32m[Nest] 30680  - [39m08/18/2026, 3:26:05 PM [32m    LOG[39m [38;5;3m[InstanceLoader] [39m[32mUserRepositoryModule dependencies initialized[39m[38;5;3m +1ms[39m
[32m[Nest] 30680  - [39m08/18/2026, 3:26:05 PM [32m    LOG[39m [38;5;3m[InstanceLoader] [39m[32mAuditModule dependencies initialized[39m[38;5;3m +0ms[39m
[32m[Nest] 30680  - [39m08/18/2026, 3:26:05 PM [32m    LOG[39m [38;5;3m[InstanceLoader] [39m[32mCrmModule dependencies initialized[39m[38;5;3m +0ms[39m
[32m[Nest] 30680  - [39m08/18/2026, 3:26:05 PM [32m    LOG[39m [38;5;3m[InstanceLoader] [39m[32mEventModule dependencies initialized[39m[38;5;3m +0ms[39m
[32m[Nest] 30680  - [39m08/18/2026, 3:26:06 PM [32m    LOG[39m [38;5;3m[InstanceLoader] [39m[32mMeetingRoomModule dependencies initialized[39m[38;5;3m +1ms[39m
[32m[Nest] 30680  - [39m08/18/2026, 3:26:06 PM [32m    LOG[39m [38;5;3m[InstanceLoader] [39m[32mRequestModule dependencies initialized[39m[38;5;3m +0ms[39m
[32m[Nest] 30680  - [39m08/18/2026, 3:26:06 PM [32m    LOG[39m [38;5;3m[InstanceLoader] [39m[32mUserSessionRepositoryModule dependencies initialized[39m[38;5;3m +0ms[39m
[32m[Nest] 30680  - [39m08/18/2026, 3:26:06 PM [32m    LOG[39m [38;5;3m[InstanceLoader] [39m[32mAnalyticsModule dependencies initialized[39m[38;5;3m +0ms[39m
[32m[Nest] 30680  - [39m08/18/2026, 3:26:06 PM [32m    LOG[39m [38;5;3m[InstanceLoader] [39m[32mNotificationModule dependencies initialized[39m[38;5;3m +0ms[39m
[32m[Nest] 30680  - [39m08/18/2026, 3:26:06 PM [32m    LOG[39m [38;5;3m[InstanceLoader] [39m[32mRevenueModule dependencies initialized[39m[38;5;3m +3ms[39m
[32m[Nest] 30680  - [39m08/18/2026, 3:26:06 PM [32m    LOG[39m [38;5;3m[InstanceLoader] [39m[32mBookingModule dependencies initialized[39m[38;5;3m +1ms[39m
[32m[Nest] 30680  - [39m08/18/2026, 3:26:06 PM [32m    LOG[39m [38;5;3m[InstanceLoader] [39m[32mWalletModule dependencies initialized[39m[38;5;3m +0ms[39m
[32m[Nest] 30680  - [39m08/18/2026, 3:26:06 PM [32m    LOG[39m [38;5;3m[InstanceLoader] [39m[32mOfferModule dependencies initialized[39m[38;5;3m +0ms[39m
[32m[Nest] 30680  - [39m08/18/2026, 3:26:06 PM [32m    LOG[39m [38;5;3m[InstanceLoader] [39m[32mSupportModule dependencies initialized[39m[38;5;3m +0ms[39m
[32m[Nest] 30680  - [39m08/18/2026, 3:26:06 PM [32m    LOG[39m [38;5;3m[InstanceLoader] [39m[32mReferralModule dependencies initialized[39m[38;5;3m +0ms[39m
[32m[Nest] 30680  - [39m08/18/2026, 3:26:06 PM [32m    LOG[39m [38;5;3m[InstanceLoader] [39m[32mStatementModule dependencies initialized[39m[38;5;3m +0ms[39m
[32m[Nest] 30680  - [39m08/18/2026, 3:26:06 PM [32m    LOG[39m [38;5;3m[InstanceLoader] [39m[32mCalendarModule dependencies initialized[39m[38;5;3m +0ms[39m
[32m[Nest] 30680  - [39m08/18/2026, 3:26:06 PM [32m    LOG[39m [38;5;3m[InstanceLoader] [39m[32mGraphQLModule dependencies initialized[39m[38;5;3m +0ms[39m
[32m[Nest] 30680  - [39m08/18/2026, 3:26:06 PM [32m    LOG[39m [38;5;3m[InstanceLoader] [39m[32mPrintModule dependencies initialized[39m[38;5;3m +1ms[39m
[32m[Nest] 30680  - [39m08/18/2026, 3:26:06 PM [32m    LOG[39m [38;5;3m[InstanceLoader] [39m[32mEnterpriseModule dependencies initialized[39m[38;5;3m +0ms[39m
[32m[Nest] 30680  - [39m08/18/2026, 3:26:06 PM [32m    LOG[39m [38;5;3m[InstanceLoader] [39m[32mSubscriptionModule dependencies initialized[39m[38;5;3m +0ms[39m
[32m[Nest] 30680  - [39m08/18/2026, 3:26:06 PM [32m    LOG[39m [38;5;3m[InstanceLoader] [39m[32mCenterModule dependencies initialized[39m[38;5;3m +0ms[39m
[32m[Nest] 30680  - [39m08/18/2026, 3:26:06 PM [32m    LOG[39m [38;5;3m[InstanceLoader] [39m[32mUserModule dependencies initialized[39m[38;5;3m +0ms[39m
[32m[Nest] 30680  - [39m08/18/2026, 3:26:06 PM [32m    LOG[39m [38;5;3m[InstanceLoader] [39m[32mIntegrationsModule dependencies initialized[39m[38;5;3m +0ms[39m
[32m[Nest] 30680  - [39m08/18/2026, 3:26:06 PM [32m    LOG[39m [38;5;3m[InstanceLoader] [39m[32mAuthModule dependencies initialized[39m[38;5;3m +0ms[39m
[33m[Nest] 30680  - [39m08/18/2026, 3:26:06 PM [33m   WARN[39m [38;5;3m[LegacyRouteConverter] [39m[33mUnsupported route path: "/api/*". In previous versions, the symbols ?, *, and + were used to denote optional or repeating path parameters. The latest version of "path-to-regexp" now requires the use of named parameters. For example, instead of using a route like /users/* to capture all routes starting with "/users", you should use /users/*path. For more details, refer to the migration guide. Attempting to auto-convert to "/api/{*path}"...[39m
[33m[Nest] 30680  - [39m08/18/2026, 3:26:06 PM [33m   WARN[39m [38;5;3m[LegacyRouteConverter] [39m[33mUnsupported route path: "/api/*". In previous versions, the symbols ?, *, and + were used to denote optional or repeating path parameters. The latest version of "path-to-regexp" now requires the use of named parameters. For example, instead of using a route like /users/* to capture all routes starting with "/users", you should use /users/*path. For more details, refer to the migration guide. Attempting to auto-convert to "/api/{*path}"...[39m
[32m[Nest] 30680  - [39m08/18/2026, 3:26:06 PM [32m    LOG[39m [38;5;3m[RoutesResolver] [39m[32mAppController {/api}:[39m[38;5;3m +2ms[39m
[32m[Nest] 30680  - [39m08/18/2026, 3:26:06 PM [32m    LOG[39m [38;5;3m[RouterExplorer] [39m[32mMapped {/api, GET} route[39m[38;5;3m +3ms[39m
[32m[Nest] 30680  - [39m08/18/2026, 3:26:06 PM [32m    LOG[39m [38;5;3m[RouterExplorer] [39m[32mMapped {/api/health, GET} route[39m[38;5;3m +1ms[39m
[32m[Nest] 30680  - [39m08/18/2026, 3:26:06 PM [32m    LOG[39m [38;5;3m[RoutesResolver] [39m[32mRevenueController {/api/revenue}:[39m[38;5;3m +0ms[39m
[32m[Nest] 30680  - [39m08/18/2026, 3:26:06 PM [32m    LOG[39m [38;5;3m[RouterExplorer] [39m[32mMapped {/api/revenue, GET} route[39m[38;5;3m +1ms[39m
[32m[Nest] 30680  - [39m08/18/2026, 3:26:06 PM [32m    LOG[39m [38;5;3m[RouterExplorer] [39m[32mMapped {/api/revenue/invoices, GET} route[39m[38;5;3m +0ms[39m
[32m[Nest] 30680  - [39m08/18/2026, 3:26:06 PM [32m    LOG[39m [38;5;3m[RoutesResolver] [39m[32mInvoicePdfController {/api/api/invoices}:[39m[38;5;3m +0ms[39m
[32m[Nest] 30680  - [39m08/18/2026, 3:26:06 PM [32m    LOG[39m [38;5;3m[RouterExplorer] [39m[32mMapped {/api/api/invoices/:id/html, GET} route[39m[38;5;3m +1ms[39m
[32m[Nest] 30680  - [39m08/18/2026, 3:26:06 PM [32m    LOG[39m [38;5;3m[RoutesResolver] [39m[32mPrintController {/api/print}:[39m[38;5;3m +0ms[39m
[32m[Nest] 30680  - [39m08/18/2026, 3:26:06 PM [32m    LOG[39m [38;5;3m[RouterExplorer] [39m[32mMapped {/api/print/upload, POST} route[39m[38;5;3m +1ms[39m
[32m[Nest] 30680  - [39m08/18/2026, 3:26:06 PM [32m    LOG[39m [38;5;3m[CacheService] [39m[32mCache backend: redis[39m
[32m[Nest] 30680  - [39m08/18/2026, 3:26:06 PM [32m    LOG[39m [38;5;3m[PubSubService] [39m[32mPubSub backend: in-process (replace with graphql-redis-subscriptions for multi-instance)[39m
[32m[Nest] 30680  - [39m08/18/2026, 3:26:06 PM [32m    LOG[39m [38;5;3m[GraphQLModule] [39m[32mMapped {/graphql, POST} route[39m[38;5;3m +476ms[39m
[32m[Nest] 30680  - [39m08/18/2026, 3:26:06 PM [32m    LOG[39m [38;5;3m[BillingScheduler] [39m[32mBilling scheduler armed — sweeps every 6h.[39m
[32m[Nest] 30680  - [39m08/18/2026, 3:26:06 PM [32m    LOG[39m [38;5;3m[NestApplication] [39m[32mNest application successfully started[39m[38;5;3m +2ms[39m
🚀 SpaceJam API running on: http://localhost:3100/api 
📊 GraphQL endpoint: http://localhost:3100/api/graphql
[90m[4mquery:[24m[39m [94mSELECT[0m [37m"Subscription"[0m[37m.[0m[37m"id"[0m [94mAS[0m [37m"Subscription_id"[0m[37m,[0m [37m"Subscription"[0m[37m.[0m[37m"customerId"[0m [94mAS[0m [37m"Subscription_customerId"[0m[37m,[0m [37m"Subscription"[0m[37m.[0m[37m"planId"[0m [94mAS[0m [37m"Subscription_planId"[0m[37m,[0m [37m"Subscription"[0m[37m.[0m[37m"centerId"[0m [94mAS[0m [37m"Subscription_centerId"[0m[37m,[0m [37m"Subscription"[0m[37m.[0m[37m"seatCount"[0m [94mAS[0m [37m"Subscription_seatCount"[0m[37m,[0m [37m"Subscription"[0m[37m.[0m[37m"unitPrice"[0m [94mAS[0m [37m"Subscription_unitPrice"[0m[37m,[0m [37m"Subscription"[0m[37m.[0m[37m"amount"[0m [94mAS[0m [37m"Subscription_amount"[0m[37m,[0m [37m"Subscription"[0m[37m.[0m[37m"status"[0m [94mAS[0m [37m"Subscription_status"[0m[37m,[0m [37m"Subscription"[0m[37m.[0m[37m"startDate"[0m [94mAS[0m [37m"Subscription_startDate"[0m[37m,[0m [37m"Subscription"[0m[37m.[0m[37m"nextBillingDate"[0m [94mAS[0m [37m"Subscription_nextBillingDate"[0m[37m,[0m [37m"Subscription"[0m[37m.[0m[37m"endDate"[0m [94mAS[0m [37m"Subscription_endDate"[0m[37m,[0m [37m"Subscription"[0m[37m.[0m[37m"notes"[0m [94mAS[0m [37m"Subscription_notes"[0m[37m,[0m [37m"Subscription"[0m[37m.[0m[37m"createdAt"[0m [94mAS[0m [37m"Subscription_createdAt"[0m[37m,[0m [37m"Subscription"[0m[37m.[0m[37m"updatedAt"[0m [94mAS[0m [37m"Subscription_updatedAt"[0m[37m,[0m [37m"Subscription__Subscription_plan"[0m[37m.[0m[37m"id"[0m [94mAS[0m [37m"Subscription__Subscription_plan_id"[0m[37m,[0m [37m"Subscription__Subscription_plan"[0m[37m.[0m[37m"centerId"[0m [94mAS[0m [37m"Subscription__Subscription_plan_centerId"[0m[37m,[0m [37m"Subscription__Subscription_plan"[0m[37m.[0m[37m"name"[0m [94mAS[0m [37m"Subscription__Subscription_plan_name"[0m[37m,[0m [37m"Subscription__Subscription_plan"[0m[37m.[0m[37m"description"[0m [94mAS[0m [37m"Subscription__Subscription_plan_description"[0m[37m,[0m [37m"Subscription__Subscription_plan"[0m[37m.[0m[37m"seatType"[0m [94mAS[0m [37m"Subscription__Subscription_plan_seatType"[0m[37m,[0m [37m"Subscription__Subscription_plan"[0m[37m.[0m[37m"billingCycle"[0m [94mAS[0m [37m"Subscription__Subscription_plan_billingCycle"[0m[37m,[0m [37m"Subscription__Subscription_plan"[0m[37m.[0m[37m"price"[0m [94mAS[0m [37m"Subscription__Subscription_plan_price"[0m[37m,[0m [37m"Subscription__Subscription_plan"[0m[37m.[0m[37m"currency"[0m [94mAS[0m [37m"Subscription__Subscription_plan_currency"[0m[37m,[0m [37m"Subscription__Subscription_plan"[0m[37m.[0m[37m"minSeats"[0m [94mAS[0m [37m"Subscription__Subscription_plan_minSeats"[0m[37m,[0m [37m"Subscription__Subscription_plan"[0m[37m.[0m[37m"status"[0m [94mAS[0m [37m"Subscription__Subscription_plan_status"[0m[37m,[0m [37m"Subscription__Subscription_plan"[0m[37m.[0m[37m"createdAt"[0m [94mAS[0m [37m"Subscription__Subscription_plan_createdAt"[0m[37m,[0m [37m"Subscription__Subscription_plan"[0m[37m.[0m[37m"updatedAt"[0m [94mAS[0m [37m"Subscription__Subscription_plan_updatedAt"[0m[37m,[0m [37m"Subscription__Subscription_customer"[0m[37m.[0m[37m"id"[0m [94mAS[0m [37m"Subscription__Subscription_customer_id"[0m[37m,[0m [37m"Subscription__Subscription_customer"[0m[37m.[0m[37m"userId"[0m [94mAS[0m [37m"Subscription__Subscription_customer_userId"[0m[37m,[0m [37m"Subscription__Subscription_customer"[0m[37m.[0m[37m"name"[0m [94mAS[0m [37m"Subscription__Subscription_customer_name"[0m[37m,[0m [37m"Subscription__Subscription_customer"[0m[37m.[0m[37m"email"[0m [94mAS[0m [37m"Subscription__Subscription_customer_email"[0m[37m,[0m [37m"Subscription__Subscription_customer"[0m[37m.[0m[37m"phone"[0m [94mAS[0m [37m"Subscription__Subscription_customer_phone"[0m[37m,[0m [37m"Subscription__Subscription_customer"[0m[37m.[0m[37m"company"[0m [94mAS[0m [37m"Subscription__Subscription_customer_company"[0m[37m,[0m [37m"Subscription__Subscription_customer"[0m[37m.[0m[37m"status"[0m [94mAS[0m [37m"Subscription__Subscription_customer_status"[0m[37m,[0m [37m"Subscription__Subscription_customer"[0m[37m.[0m[37m"totalBookings"[0m [94mAS[0m [37m"Subscription__Subscription_customer_totalBookings"[0m[37m,[0m [37m"Subscription__Subscription_customer"[0m[37m.[0m[37m"totalSpent"[0m [94mAS[0m [37m"Subscription__Subscription_customer_totalSpent"[0m[37m,[0m [37m"Subscription__Subscription_customer"[0m[37m.[0m[37m"lastBooking"[0m [94mAS[0m [37m"Subscription__Subscription_customer_lastBooking"[0m[37m,[0m [37m"Subscription__Subscription_customer"[0m[37m.[0m[37m"centerId"[0m [94mAS[0m [37m"Subscription__Subscription_customer_centerId"[0m[37m,[0m [37m"Subscription__Subscription_customer"[0m[37m.[0m[37m"teamSize"[0m [94mAS[0m [37m"Subscription__Subscription_customer_teamSize"[0m[37m,[0m [37m"Subscription__Subscription_customer"[0m[37m.[0m[37m"location"[0m [94mAS[0m [37m"Subscription__Subscription_customer_location"[0m[37m,[0m [37m"Subscription__Subscription_customer"[0m[37m.[0m[37m"joinDate"[0m [94mAS[0m [37m"Subscription__Subscription_customer_joinDate"[0m[37m,[0m [37m"Subscription__Subscription_customer"[0m[37m.[0m[37m"notes"[0m [94mAS[0m [37m"Subscription__Subscription_customer_notes"[0m[37m,[0m [37m"Subscription__Subscription_customer"[0m[37m.[0m[37m"gstNumber"[0m [94mAS[0m [37m"Subscription__Subscription_customer_gstNumber"[0m[37m,[0m [37m"Subscription__Subscription_customer"[0m[37m.[0m[37m"companyAddress"[0m [94mAS[0m [37m"Subscription__Subscription_customer_companyAddress"[0m[37m,[0m [37m"Subscription__Subscription_customer"[0m[37m.[0m[37m"companyType"[0m [94mAS[0m [37m"Subscription__Subscription_customer_companyType"[0m[37m,[0m [37m"Subscription__Subscription_customer"[0m[37m.[0m[37m"employeeCount"[0m [94mAS[0m [37m"Subscription__Subscription_customer_employeeCount"[0m[37m,[0m [37m"Subscription__Subscription_customer"[0m[37m.[0m[37m"industry"[0m [94mAS[0m [37m"Subscription__Subscription_customer_industry"[0m[37m,[0m [37m"Subscription__Subscription_customer"[0m[37m.[0m[37m"website"[0m [94mAS[0m [37m"Subscription__Subscription_customer_website"[0m[37m,[0m [37m"Subscription__Subscription_customer"[0m[37m.[0m[37m"planType"[0m [94mAS[0m [37m"Subscription__Subscription_customer_planType"[0m[37m,[0m [37m"Subscription__Subscription_customer"[0m[37m.[0m[37m"alternateEmail"[0m [94mAS[0m [37m"Subscription__Subscription_customer_alternateEmail"[0m[37m,[0m [37m"Subscription__Subscription_customer"[0m[37m.[0m[37m"alternatePhone"[0m [94mAS[0m [37m"Subscription__Subscription_customer_alternatePhone"[0m[37m,[0m [37m"Subscription__Subscription_customer"[0m[37m.[0m[37m"dob"[0m [94mAS[0m [37m"Subscription__Subscription_customer_dob"[0m[37m,[0m [37m"Subscription__Subscription_customer"[0m[37m.[0m[37m"emergencyContactName"[0m [94mAS[0m [37m"Subscription__Subscription_customer_emergencyContactName"[0m[37m,[0m [37m"Subscription__Subscription_customer"[0m[37m.[0m[37m"emergencyContactPhone"[0m [94mAS[0m [37m"Subscription__Subscription_customer_emergencyContactPhone"[0m[37m,[0m [37m"Subscription__Subscription_customer"[0m[37m.[0m[37m"communicationChannel"[0m [94mAS[0m [37m"Subscription__Subscription_customer_communicationChannel"[0m[37m,[0m [37m"Subscription__Subscription_customer"[0m[37m.[0m[37m"createdAt"[0m [94mAS[0m [37m"Subscription__Subscription_customer_createdAt"[0m[37m,[0m [37m"Subscription__Subscription_customer"[0m[37m.[0m[37m"updatedAt"[0m [94mAS[0m [37m"Subscription__Subscription_customer_updatedAt"[0m [94mFROM[0m [37m"subscriptions"[0m [37m"Subscription"[0m [94mLEFT JOIN[0m [37m"plans"[0m [37m"Subscription__Subscription_plan"[0m [94mON[0m [37m"Subscription__Subscription_plan"[0m[37m.[0m[37m"id"[0m[37m=[0m[37m"Subscription"[0m[37m.[0m[37m"planId"[0m  [94mLEFT JOIN[0m [37m"customers"[0m [37m"Subscription__Subscription_customer"[0m [94mON[0m [37m"Subscription__Subscription_customer"[0m[37m.[0m[37m"id"[0m[37m=[0m[37m"Subscription"[0m[37m.[0m[37m"customerId"[0m [94mWHERE[0m [37m([0m[37m([0m[37m"Subscription"[0m[37m.[0m[37m"status"[0m [37m=[0m [37m$[0m[32m1[0m[37m)[0m [94mAND[0m [37m([0m[37m"Subscription"[0m[37m.[0m[37m"nextBillingDate"[0m [37m<[0m [37m$[0m[32m2[0m[37m)[0m[37m)[0m [90m-- PARAMETERS: ["ACTIVE","2026-08-18T09:57:06.582Z"][0m
[32m[Nest] 30680  - [39m08/18/2026, 3:27:06 PM [32m    LOG[39m [38;5;3m[BillingService] [39m[32mprocessDueSubscriptions: 0 subscription(s) due.[39m
[90m[4mquery:[24m[39m [94mSELECT[0m [37m"u"[0m[37m.[0m[37m"id"[0m [94mAS[0m [37m"u_id"[0m[37m,[0m [37m"u"[0m[37m.[0m[37m"email"[0m [94mAS[0m [37m"u_email"[0m[37m,[0m [37m"u"[0m[37m.[0m[37m"name"[0m [94mAS[0m [37m"u_name"[0m[37m,[0m [37m"u"[0m[37m.[0m[37m"role"[0m [94mAS[0m [37m"u_role"[0m[37m,[0m [37m"u"[0m[37m.[0m[37m"centerId"[0m [94mAS[0m [37m"u_centerId"[0m[37m,[0m [37m"u"[0m[37m.[0m[37m"settings"[0m [94mAS[0m [37m"u_settings"[0m[37m,[0m [37m"u"[0m[37m.[0m[37m"phone"[0m [94mAS[0m [37m"u_phone"[0m[37m,[0m [37m"u"[0m[37m.[0m[37m"avatar"[0m [94mAS[0m [37m"u_avatar"[0m[37m,[0m [37m"u"[0m[37m.[0m[37m"isActive"[0m [94mAS[0m [37m"u_isActive"[0m[37m,[0m [37m"u"[0m[37m.[0m[37m"lastLogin"[0m [94mAS[0m [37m"u_lastLogin"[0m[37m,[0m [37m"u"[0m[37m.[0m[37m"tokenBalance"[0m [94mAS[0m [37m"u_tokenBalance"[0m[37m,[0m [37m"u"[0m[37m.[0m[37m"deviceToken"[0m [94mAS[0m [37m"u_deviceToken"[0m[37m,[0m [37m"u"[0m[37m.[0m[37m"passwordHash"[0m [94mAS[0m [37m"u_passwordHash"[0m[37m,[0m [37m"u"[0m[37m.[0m[37m"twoFactorEnabled"[0m [94mAS[0m [37m"u_twoFactorEnabled"[0m[37m,[0m [37m"u"[0m[37m.[0m[37m"twoFactorSecret"[0m [94mAS[0m [37m"u_twoFactorSecret"[0m[37m,[0m [37m"u"[0m[37m.[0m[37m"passwordResetToken"[0m [94mAS[0m [37m"u_passwordResetToken"[0m[37m,[0m [37m"u"[0m[37m.[0m[37m"passwordResetExpiresAt"[0m [94mAS[0m [37m"u_passwordResetExpiresAt"[0m[37m,[0m [37m"u"[0m[37m.[0m[37m"emailVerifyToken"[0m [94mAS[0m [37m"u_emailVerifyToken"[0m[37m,[0m [37m"u"[0m[37m.[0m[37m"emailVerifyExpiresAt"[0m [94mAS[0m [37m"u_emailVerifyExpiresAt"[0m[37m,[0m [37m"u"[0m[37m.[0m[37m"emailVerified"[0m [94mAS[0m [37m"u_emailVerified"[0m[37m,[0m [37m"u"[0m[37m.[0m[37m"createdAt"[0m [94mAS[0m [37m"u_createdAt"[0m[37m,[0m [37m"u"[0m[37m.[0m[37m"updatedAt"[0m [94mAS[0m [37m"u_updatedAt"[0m[37m,[0m [37m"u"[0m[37m.[0m[37m"passwordHash"[0m [94mAS[0m [37m"u_passwordHash"[0m [94mFROM[0m [37m"users"[0m [37m"u"[0m [94mWHERE[0m [37m"u"[0m[37m.[0m[37m"email"[0m [37m=[0m [37m$[0m[32m1[0m [90m-- PARAMETERS: ["admin@spacejam.com"][0m
[90m[4mquery:[24m[39m [94mSELECT[0m [37m"User"[0m[37m.[0m[37m"id"[0m [94mAS[0m [37m"User_id"[0m[37m,[0m [37m"User"[0m[37m.[0m[37m"email"[0m [94mAS[0m [37m"User_email"[0m[37m,[0m [37m"User"[0m[37m.[0m[37m"name"[0m [94mAS[0m [37m"User_name"[0m[37m,[0m [37m"User"[0m[37m.[0m[37m"role"[0m [94mAS[0m [37m"User_role"[0m[37m,[0m [37m"User"[0m[37m.[0m[37m"centerId"[0m [94mAS[0m [37m"User_centerId"[0m[37m,[0m [37m"User"[0m[37m.[0m[37m"settings"[0m [94mAS[0m [37m"User_settings"[0m[37m,[0m [37m"User"[0m[37m.[0m[37m"phone"[0m [94mAS[0m [37m"User_phone"[0m[37m,[0m [37m"User"[0m[37m.[0m[37m"avatar"[0m [94mAS[0m [37m"User_avatar"[0m[37m,[0m [37m"User"[0m[37m.[0m[37m"isActive"[0m [94mAS[0m [37m"User_isActive"[0m[37m,[0m [37m"User"[0m[37m.[0m[37m"lastLogin"[0m [94mAS[0m [37m"User_lastLogin"[0m[37m,[0m [37m"User"[0m[37m.[0m[37m"tokenBalance"[0m [94mAS[0m [37m"User_tokenBalance"[0m[37m,[0m [37m"User"[0m[37m.[0m[37m"deviceToken"[0m [94mAS[0m [37m"User_deviceToken"[0m[37m,[0m [37m"User"[0m[37m.[0m[37m"passwordHash"[0m [94mAS[0m [37m"User_passwordHash"[0m[37m,[0m [37m"User"[0m[37m.[0m[37m"twoFactorEnabled"[0m [94mAS[0m [37m"User_twoFactorEnabled"[0m[37m,[0m [37m"User"[0m[37m.[0m[37m"twoFactorSecret"[0m [94mAS[0m [37m"User_twoFactorSecret"[0m[37m,[0m [37m"User"[0m[37m.[0m[37m"passwordResetToken"[0m [94mAS[0m [37m"User_passwordResetToken"[0m[37m,[0m [37m"User"[0m[37m.[0m[37m"passwordResetExpiresAt"[0m [94mAS[0m [37m"User_passwordResetExpiresAt"[0m[37m,[0m [37m"User"[0m[37m.[0m[37m"emailVerifyToken"[0m [94mAS[0m [37m"User_emailVerifyToken"[0m[37m,[0m [37m"User"[0m[37m.[0m[37m"emailVerifyExpiresAt"[0m [94mAS[0m [37m"User_emailVerifyExpiresAt"[0m[37m,[0m [37m"User"[0m[37m.[0m[37m"emailVerified"[0m [94mAS[0m [37m"User_emailVerified"[0m[37m,[0m [37m"User"[0m[37m.[0m[37m"createdAt"[0m [94mAS[0m [37m"User_createdAt"[0m[37m,[0m [37m"User"[0m[37m.[0m[37m"updatedAt"[0m [94mAS[0m [37m"User_updatedAt"[0m [94mFROM[0m [37m"users"[0m [37m"User"[0m [94mWHERE[0m [37m"User"[0m[37m.[0m[37m"id"[0m [94mIN[0m [37m([0m[37m$[0m[32m1[0m[37m)[0m [90m-- PARAMETERS: ["7366405b-a7d3-4b39-8876-ee5e64775438"][0m
[90m[4mquery:[24m[39m [37mSTART[0m [37mTRANSACTION[0m
[90m[4mquery:[24m[39m [94mUPDATE[0m [37m"users"[0m [94mSET[0m [37m"lastLogin"[0m [37m=[0m [37m$[0m[32m1[0m[37m,[0m [37m"updatedAt"[0m [37m=[0m [37mCURRENT_TIMESTAMP[0m [94mWHERE[0m [37m"id"[0m [94mIN[0m [37m([0m[37m$[0m[32m2[0m[37m)[0m [94mRETURNING[0m [37m"updatedAt"[0m [90m-- PARAMETERS: ["2026-08-18T09:57:31.578Z","7366405b-a7d3-4b39-8876-ee5e64775438"][0m
[90m[4mquery:[24m[39m [94mCOMMIT[0m
[32m[Nest] 30680  - [39m08/18/2026, 3:27:31 PM [32m    LOG[39m [38;5;3m[EmailService] [39m[32m[email:dev] to=admin@spacejam.com subject="New sign-in to your SpaceJam account" body=A new sign-in to your SpaceJam account just happened.
When: 2026-08-18T09:57:31.605Z
IP: ::1
Device: curl/8.19.0
If this was not you, please reset your password immediately.[39m
[90m[4mquery:[24m[39m [37mSTART[0m [37mTRANSACTION[0m
[90m[4mquery:[24m[39m [94mINSERT INTO[0m [37m"user_sessions"[0m[37m([0m[37m"id"[0m[37m,[0m [37m"userId"[0m[37m,[0m [37m"token"[0m[37m,[0m [37m"expiresAt"[0m[37m,[0m [37m"ipAddress"[0m[37m,[0m [37m"userAgent"[0m[37m,[0m [37m"isActive"[0m[37m,[0m [37m"createdAt"[0m[37m)[0m [94mVALUES[0m [37m([0m[94mDEFAULT[0m[37m,[0m [37m$[0m[32m1[0m[37m,[0m [37m$[0m[32m2[0m[37m,[0m [37m$[0m[32m3[0m[37m,[0m [37m$[0m[32m4[0m[37m,[0m [37m$[0m[32m5[0m[37m,[0m [37m$[0m[32m6[0m[37m,[0m [94mDEFAULT[0m[37m)[0m [94mRETURNING[0m [37m"id"[0m[37m,[0m [37m"isActive"[0m[37m,[0m [37m"createdAt"[0m [90m-- PARAMETERS: ["7366405b-a7d3-4b39-8876-ee5e64775438","2377bd42d08efa6392cdae2b3e05eee16b1f267c01430bdaf03d50665521ea04","2026-08-25T09:57:31.606Z","::1","curl/8.19.0",1][0m
[90m[4mquery:[24m[39m [94mCOMMIT[0m
[90m[4mquery:[24m[39m [94mSELECT[0m [37m"u"[0m[37m.[0m[37m"id"[0m [94mAS[0m [37m"u_id"[0m[37m,[0m [37m"u"[0m[37m.[0m[37m"email"[0m [94mAS[0m [37m"u_email"[0m[37m,[0m [37m"u"[0m[37m.[0m[37m"name"[0m [94mAS[0m [37m"u_name"[0m[37m,[0m [37m"u"[0m[37m.[0m[37m"role"[0m [94mAS[0m [37m"u_role"[0m[37m,[0m [37m"u"[0m[37m.[0m[37m"centerId"[0m [94mAS[0m [37m"u_centerId"[0m[37m,[0m [37m"u"[0m[37m.[0m[37m"settings"[0m [94mAS[0m [37m"u_settings"[0m[37m,[0m [37m"u"[0m[37m.[0m[37m"phone"[0m [94mAS[0m [37m"u_phone"[0m[37m,[0m [37m"u"[0m[37m.[0m[37m"avatar"[0m [94mAS[0m [37m"u_avatar"[0m[37m,[0m [37m"u"[0m[37m.[0m[37m"isActive"[0m [94mAS[0m [37m"u_isActive"[0m[37m,[0m [37m"u"[0m[37m.[0m[37m"lastLogin"[0m [94mAS[0m [37m"u_lastLogin"[0m[37m,[0m [37m"u"[0m[37m.[0m[37m"tokenBalance"[0m [94mAS[0m [37m"u_tokenBalance"[0m[37m,[0m [37m"u"[0m[37m.[0m[37m"deviceToken"[0m [94mAS[0m [37m"u_deviceToken"[0m[37m,[0m [37m"u"[0m[37m.[0m[37m"passwordHash"[0m [94mAS[0m [37m"u_passwordHash"[0m[37m,[0m [37m"u"[0m[37m.[0m[37m"twoFactorEnabled"[0m [94mAS[0m [37m"u_twoFactorEnabled"[0m[37m,[0m [37m"u"[0m[37m.[0m[37m"twoFactorSecret"[0m [94mAS[0m [37m"u_twoFactorSecret"[0m[37m,[0m [37m"u"[0m[37m.[0m[37m"passwordResetToken"[0m [94mAS[0m [37m"u_passwordResetToken"[0m[37m,[0m [37m"u"[0m[37m.[0m[37m"passwordResetExpiresAt"[0m [94mAS[0m [37m"u_passwordResetExpiresAt"[0m[37m,[0m [37m"u"[0m[37m.[0m[37m"emailVerifyToken"[0m [94mAS[0m [37m"u_emailVerifyToken"[0m[37m,[0m [37m"u"[0m[37m.[0m[37m"emailVerifyExpiresAt"[0m [94mAS[0m [37m"u_emailVerifyExpiresAt"[0m[37m,[0m [37m"u"[0m[37m.[0m[37m"emailVerified"[0m [94mAS[0m [37m"u_emailVerified"[0m[37m,[0m [37m"u"[0m[37m.[0m[37m"createdAt"[0m [94mAS[0m [37m"u_createdAt"[0m[37m,[0m [37m"u"[0m[37m.[0m[37m"updatedAt"[0m [94mAS[0m [37m"u_updatedAt"[0m[37m,[0m [37m"u"[0m[37m.[0m[37m"passwordHash"[0m [94mAS[0m [37m"u_passwordHash"[0m [94mFROM[0m [37m"users"[0m [37m"u"[0m [94mWHERE[0m [37m"u"[0m[37m.[0m[37m"email"[0m [37m=[0m [37m$[0m[32m1[0m [90m-- PARAMETERS: ["manager@spacejam.com"][0m
[90m[4mquery:[24m[39m [94mSELECT[0m [37m"User"[0m[37m.[0m[37m"id"[0m [94mAS[0m [37m"User_id"[0m[37m,[0m [37m"User"[0m[37m.[0m[37m"email"[0m [94mAS[0m [37m"User_email"[0m[37m,[0m [37m"User"[0m[37m.[0m[37m"name"[0m [94mAS[0m [37m"User_name"[0m[37m,[0m [37m"User"[0m[37m.[0m[37m"role"[0m [94mAS[0m [37m"User_role"[0m[37m,[0m [37m"User"[0m[37m.[0m[37m"centerId"[0m [94mAS[0m [37m"User_centerId"[0m[37m,[0m [37m"User"[0m[37m.[0m[37m"settings"[0m [94mAS[0m [37m"User_settings"[0m[37m,[0m [37m"User"[0m[37m.[0m[37m"phone"[0m [94mAS[0m [37m"User_phone"[0m[37m,[0m [37m"User"[0m[37m.[0m[37m"avatar"[0m [94mAS[0m [37m"User_avatar"[0m[37m,[0m [37m"User"[0m[37m.[0m[37m"isActive"[0m [94mAS[0m [37m"User_isActive"[0m[37m,[0m [37m"User"[0m[37m.[0m[37m"lastLogin"[0m [94mAS[0m [37m"User_lastLogin"[0m[37m,[0m [37m"User"[0m[37m.[0m[37m"tokenBalance"[0m [94mAS[0m [37m"User_tokenBalance"[0m[37m,[0m [37m"User"[0m[37m.[0m[37m"deviceToken"[0m [94mAS[0m [37m"User_deviceToken"[0m[37m,[0m [37m"User"[0m[37m.[0m[37m"passwordHash"[0m [94mAS[0m [37m"User_passwordHash"[0m[37m,[0m [37m"User"[0m[37m.[0m[37m"twoFactorEnabled"[0m [94mAS[0m [37m"User_twoFactorEnabled"[0m[37m,[0m [37m"User"[0m[37m.[0m[37m"twoFactorSecret"[0m [94mAS[0m [37m"User_twoFactorSecret"[0m[37m,[0m [37m"User"[0m[37m.[0m[37m"passwordResetToken"[0m [94mAS[0m [37m"User_passwordResetToken"[0m[37m,[0m [37m"User"[0m[37m.[0m[37m"passwordResetExpiresAt"[0m [94mAS[0m [37m"User_passwordResetExpiresAt"[0m[37m,[0m [37m"User"[0m[37m.[0m[37m"emailVerifyToken"[0m [94mAS[0m [37m"User_emailVerifyToken"[0m[37m,[0m [37m"User"[0m[37m.[0m[37m"emailVerifyExpiresAt"[0m [94mAS[0m [37m"User_emailVerifyExpiresAt"[0m[37m,[0m [37m"User"[0m[37m.[0m[37m"emailVerified"[0m [94mAS[0m [37m"User_emailVerified"[0m[37m,[0m [37m"User"[0m[37m.[0m[37m"createdAt"[0m [94mAS[0m [37m"User_createdAt"[0m[37m,[0m [37m"User"[0m[37m.[0m[37m"updatedAt"[0m [94mAS[0m [37m"User_updatedAt"[0m [94mFROM[0m [37m"users"[0m [37m"User"[0m [94mWHERE[0m [37m"User"[0m[37m.[0m[37m"id"[0m [94mIN[0m [37m([0m[37m$[0m[32m1[0m[37m)[0m [90m-- PARAMETERS: ["1d3ff2be-cc3d-4ef0-957e-c68bf22d2962"][0m
[90m[4mquery:[24m[39m [37mSTART[0m [37mTRANSACTION[0m
[90m[4mquery:[24m[39m [94mUPDATE[0m [37m"users"[0m [94mSET[0m [37m"lastLogin"[0m [37m=[0m [37m$[0m[32m1[0m[37m,[0m [37m"updatedAt"[0m [37m=[0m [37mCURRENT_TIMESTAMP[0m [94mWHERE[0m [37m"id"[0m [94mIN[0m [37m([0m[37m$[0m[32m2[0m[37m)[0m [94mRETURNING[0m [37m"updatedAt"[0m [90m-- PARAMETERS: ["2026-08-18T09:57:32.305Z","1d3ff2be-cc3d-4ef0-957e-c68bf22d2962"][0m
[90m[4mquery:[24m[39m [94mCOMMIT[0m
[32m[Nest] 30680  - [39m08/18/2026, 3:27:32 PM [32m    LOG[39m [38;5;3m[EmailService] [39m[32m[email:dev] to=manager@spacejam.com subject="New sign-in to your SpaceJam account" body=A new sign-in to your SpaceJam account just happened.
When: 2026-08-18T09:57:32.315Z
IP: ::1
Device: curl/8.19.0
If this was not you, please reset your password immediately.[39m
[90m[4mquery:[24m[39m [37mSTART[0m [37mTRANSACTION[0m
[90m[4mquery:[24m[39m [94mINSERT INTO[0m [37m"user_sessions"[0m[37m([0m[37m"id"[0m[37m,[0m [37m"userId"[0m[37m,[0m [37m"token"[0m[37m,[0m [37m"expiresAt"[0m[37m,[0m [37m"ipAddress"[0m[37m,[0m [37m"userAgent"[0m[37m,[0m [37m"isActive"[0m[37m,[0m [37m"createdAt"[0m[37m)[0m [94mVALUES[0m [37m([0m[94mDEFAULT[0m[37m,[0m [37m$[0m[32m1[0m[37m,[0m [37m$[0m[32m2[0m[37m,[0m [37m$[0m[32m3[0m[37m,[0m [37m$[0m[32m4[0m[37m,[0m [37m$[0m[32m5[0m[37m,[0m [37m$[0m[32m6[0m[37m,[0m [94mDEFAULT[0m[37m)[0m [94mRETURNING[0m [37m"id"[0m[37m,[0m [37m"isActive"[0m[37m,[0m [37m"createdAt"[0m [90m-- PARAMETERS: ["1d3ff2be-cc3d-4ef0-957e-c68bf22d2962","face84cda06e8da6f9fc84684b458c9592e940dda386337d303b109aeb113c19","2026-08-25T09:57:32.315Z","::1","curl/8.19.0",1][0m
[90m[4mquery:[24m[39m [94mCOMMIT[0m
[90m[4mquery:[24m[39m [94mSELECT[0m [37m"u"[0m[37m.[0m[37m"id"[0m [94mAS[0m [37m"u_id"[0m[37m,[0m [37m"u"[0m[37m.[0m[37m"email"[0m [94mAS[0m [37m"u_email"[0m[37m,[0m [37m"u"[0m[37m.[0m[37m"name"[0m [94mAS[0m [37m"u_name"[0m[37m,[0m [37m"u"[0m[37m.[0m[37m"role"[0m [94mAS[0m [37m"u_role"[0m[37m,[0m [37m"u"[0m[37m.[0m[37m"centerId"[0m [94mAS[0m [37m"u_centerId"[0m[37m,[0m [37m"u"[0m[37m.[0m[37m"settings"[0m [94mAS[0m [37m"u_settings"[0m[37m,[0m [37m"u"[0m[37m.[0m[37m"phone"[0m [94mAS[0m [37m"u_phone"[0m[37m,[0m [37m"u"[0m[37m.[0m[37m"avatar"[0m [94mAS[0m [37m"u_avatar"[0m[37m,[0m [37m"u"[0m[37m.[0m[37m"isActive"[0m [94mAS[0m [37m"u_isActive"[0m[37m,[0m [37m"u"[0m[37m.[0m[37m"lastLogin"[0m [94mAS[0m [37m"u_lastLogin"[0m[37m,[0m [37m"u"[0m[37m.[0m[37m"tokenBalance"[0m [94mAS[0m [37m"u_tokenBalance"[0m[37m,[0m [37m"u"[0m[37m.[0m[37m"deviceToken"[0m [94mAS[0m [37m"u_deviceToken"[0m[37m,[0m [37m"u"[0m[37m.[0m[37m"passwordHash"[0m [94mAS[0m [37m"u_passwordHash"[0m[37m,[0m [37m"u"[0m[37m.[0m[37m"twoFactorEnabled"[0m [94mAS[0m [37m"u_twoFactorEnabled"[0m[37m,[0m [37m"u"[0m[37m.[0m[37m"twoFactorSecret"[0m [94mAS[0m [37m"u_twoFactorSecret"[0m[37m,[0m [37m"u"[0m[37m.[0m[37m"passwordResetToken"[0m [94mAS[0m [37m"u_passwordResetToken"[0m[37m,[0m [37m"u"[0m[37m.[0m[37m"passwordResetExpiresAt"[0m [94mAS[0m [37m"u_passwordResetExpiresAt"[0m[37m,[0m [37m"u"[0m[37m.[0m[37m"emailVerifyToken"[0m [94mAS[0m [37m"u_emailVerifyToken"[0m[37m,[0m [37m"u"[0m[37m.[0m[37m"emailVerifyExpiresAt"[0m [94mAS[0m [37m"u_emailVerifyExpiresAt"[0m[37m,[0m [37m"u"[0m[37m.[0m[37m"emailVerified"[0m [94mAS[0m [37m"u_emailVerified"[0m[37m,[0m [37m"u"[0m[37m.[0m[37m"createdAt"[0m [94mAS[0m [37m"u_createdAt"[0m[37m,[0m [37m"u"[0m[37m.[0m[37m"updatedAt"[0m [94mAS[0m [37m"u_updatedAt"[0m[37m,[0m [37m"u"[0m[37m.[0m[37m"passwordHash"[0m [94mAS[0m [37m"u_passwordHash"[0m [94mFROM[0m [37m"users"[0m [37m"u"[0m [94mWHERE[0m [37m"u"[0m[37m.[0m[37m"email"[0m [37m=[0m [37m$[0m[32m1[0m [90m-- PARAMETERS: ["admin@spacejam.com"][0m
[90m[4mquery:[24m[39m [94mSELECT[0m [37m"User"[0m[37m.[0m[37m"id"[0m [94mAS[0m [37m"User_id"[0m[37m,[0m [37m"User"[0m[37m.[0m[37m"email"[0m [94mAS[0m [37m"User_email"[0m[37m,[0m [37m"User"[0m[37m.[0m[37m"name"[0m [94mAS[0m [37m"User_name"[0m[37m,[0m [37m"User"[0m[37m.[0m[37m"role"[0m [94mAS[0m [37m"User_role"[0m[37m,[0m [37m"User"[0m[37m.[0m[37m"centerId"[0m [94mAS[0m [37m"User_centerId"[0m[37m,[0m [37m"User"[0m[37m.[0m[37m"settings"[0m [94mAS[0m [37m"User_settings"[0m[37m,[0m [37m"User"[0m[37m.[0m[37m"phone"[0m [94mAS[0m [37m"User_phone"[0m[37m,[0m [37m"User"[0m[37m.[0m[37m"avatar"[0m [94mAS[0m [37m"User_avatar"[0m[37m,[0m [37m"User"[0m[37m.[0m[37m"isActive"[0m [94mAS[0m [37m"User_isActive"[0m[37m,[0m [37m"User"[0m[37m.[0m[37m"lastLogin"[0m [94mAS[0m [37m"User_lastLogin"[0m[37m,[0m [37m"User"[0m[37m.[0m[37m"tokenBalance"[0m [94mAS[0m [37m"User_tokenBalance"[0m[37m,[0m [37m"User"[0m[37m.[0m[37m"deviceToken"[0m [94mAS[0m [37m"User_deviceToken"[0m[37m,[0m [37m"User"[0m[37m.[0m[37m"passwordHash"[0m [94mAS[0m [37m"User_passwordHash"[0m[37m,[0m [37m"User"[0m[37m.[0m[37m"twoFactorEnabled"[0m [94mAS[0m [37m"User_twoFactorEnabled"[0m[37m,[0m [37m"User"[0m[37m.[0m[37m"twoFactorSecret"[0m [94mAS[0m [37m"User_twoFactorSecret"[0m[37m,[0m [37m"User"[0m[37m.[0m[37m"passwordResetToken"[0m [94mAS[0m [37m"User_passwordResetToken"[0m[37m,[0m [37m"User"[0m[37m.[0m[37m"passwordResetExpiresAt"[0m [94mAS[0m [37m"User_passwordResetExpiresAt"[0m[37m,[0m [37m"User"[0m[37m.[0m[37m"emailVerifyToken"[0m [94mAS[0m [37m"User_emailVerifyToken"[0m[37m,[0m [37m"User"[0m[37m.[0m[37m"emailVerifyExpiresAt"[0m [94mAS[0m [37m"User_emailVerifyExpiresAt"[0m[37m,[0m [37m"User"[0m[37m.[0m[37m"emailVerified"[0m [94mAS[0m [37m"User_emailVerified"[0m[37m,[0m [37m"User"[0m[37m.[0m[37m"createdAt"[0m [94mAS[0m [37m"User_createdAt"[0m[37m,[0m [37m"User"[0m[37m.[0m[37m"updatedAt"[0m [94mAS[0m [37m"User_updatedAt"[0m [94mFROM[0m [37m"users"[0m [37m"User"[0m [94mWHERE[0m [37m"User"[0m[37m.[0m[37m"id"[0m [94mIN[0m [37m([0m[37m$[0m[32m1[0m[37m)[0m [90m-- PARAMETERS: ["7366405b-a7d3-4b39-8876-ee5e64775438"][0m
[90m[4mquery:[24m[39m [37mSTART[0m [37mTRANSACTION[0m
[90m[4mquery:[24m[39m [94mUPDATE[0m [37m"users"[0m [94mSET[0m [37m"lastLogin"[0m [37m=[0m [37m$[0m[32m1[0m[37m,[0m [37m"updatedAt"[0m [37m=[0m [37mCURRENT_TIMESTAMP[0m [94mWHERE[0m [37m"id"[0m [94mIN[0m [37m([0m[37m$[0m[32m2[0m[37m)[0m [94mRETURNING[0m [37m"updatedAt"[0m [90m-- PARAMETERS: ["2026-08-18T09:58:41.931Z","7366405b-a7d3-4b39-8876-ee5e64775438"][0m
[90m[4mquery:[24m[39m [94mCOMMIT[0m
[32m[Nest] 30680  - [39m08/18/2026, 3:28:41 PM [32m    LOG[39m [38;5;3m[EmailService] [39m[32m[email:dev] to=admin@spacejam.com subject="New sign-in to your SpaceJam account" body=A new sign-in to your SpaceJam account just happened.
When: 2026-08-18T09:58:41.944Z
IP: ::1
Device: Mozilla/5.0 (Windows NT 10.0; Win64; x64) AppleWebKit/537.36 (KHTML, like Gecko) Chrome/151.0.0.0 Safari/537.36
If this was not you, please reset your password immediately.[39m
[90m[4mquery:[24m[39m [37mSTART[0m [37mTRANSACTION[0m
[90m[4mquery:[24m[39m [94mINSERT INTO[0m [37m"user_sessions"[0m[37m([0m[37m"id"[0m[37m,[0m [37m"userId"[0m[37m,[0m [37m"token"[0m[37m,[0m [37m"expiresAt"[0m[37m,[0m [37m"ipAddress"[0m[37m,[0m [37m"userAgent"[0m[37m,[0m [37m"isActive"[0m[37m,[0m [37m"createdAt"[0m[37m)[0m [94mVALUES[0m [37m([0m[94mDEFAULT[0m[37m,[0m [37m$[0m[32m1[0m[37m,[0m [37m$[0m[32m2[0m[37m,[0m [37m$[0m[32m3[0m[37m,[0m [37m$[0m[32m4[0m[37m,[0m [37m$[0m[32m5[0m[37m,[0m [37m$[0m[32m6[0m[37m,[0m [94mDEFAULT[0m[37m)[0m [94mRETURNING[0m [37m"id"[0m[37m,[0m [37m"isActive"[0m[37m,[0m [37m"createdAt"[0m [90m-- PARAMETERS: ["7366405b-a7d3-4b39-8876-ee5e64775438","c8602969323ef0d059b55ff97fe1131e121984636b478c547e0b3afd4902cfda","2026-08-25T09:58:41.945Z","::1","Mozilla/5.0 (Windows NT 10.0; Win64; x64) AppleWebKit/537.36 (KHTML, like Gecko) Chrome/151.0.0.0 Safari/537.36",1][0m
[90m[4mquery:[24m[39m [94mCOMMIT[0m
[90m[4mquery:[24m[39m [94mSELECT DISTINCT[0m [37m"distinctAlias"[0m[37m.[0m[37m"User_id"[0m [94mAS[0m [37m"ids_User_id"[0m [94mFROM[0m [37m([0m[94mSELECT[0m [37m"User"[0m[37m.[0m[37m"id"[0m [94mAS[0m [37m"User_id"[0m[37m,[0m [37m"User"[0m[37m.[0m[37m"email"[0m [94mAS[0m [37m"User_email"[0m[37m,[0m [37m"User"[0m[37m.[0m[37m"name"[0m [94mAS[0m [37m"User_name"[0m[37m,[0m [37m"User"[0m[37m.[0m[37m"role"[0m [94mAS[0m [37m"User_role"[0m[37m,[0m [37m"User"[0m[37m.[0m[37m"centerId"[0m [94mAS[0m [37m"User_centerId"[0m[37m,[0m [37m"User"[0m[37m.[0m[37m"settings"[0m [94mAS[0m [37m"User_settings"[0m[37m,[0m [37m"User"[0m[37m.[0m[37m"phone"[0m [94mAS[0m [37m"User_phone"[0m[37m,[0m [37m"User"[0m[37m.[0m[37m"avatar"[0m [94mAS[0m [37m"User_avatar"[0m[37m,[0m [37m"User"[0m[37m.[0m[37m"isActive"[0m [94mAS[0m [37m"User_isActive"[0m[37m,[0m [37m"User"[0m[37m.[0m[37m"lastLogin"[0m [94mAS[0m [37m"User_lastLogin"[0m[37m,[0m [37m"User"[0m[37m.[0m[37m"tokenBalance"[0m [94mAS[0m [37m"User_tokenBalance"[0m[37m,[0m [37m"User"[0m[37m.[0m[37m"deviceToken"[0m [94mAS[0m [37m"User_deviceToken"[0m[37m,[0m [37m"User"[0m[37m.[0m[37m"passwordHash"[0m [94mAS[0m [37m"User_passwordHash"[0m[37m,[0m [37m"User"[0m[37m.[0m[37m"twoFactorEnabled"[0m [94mAS[0m [37m"User_twoFactorEnabled"[0m[37m,[0m [37m"User"[0m[37m.[0m[37m"twoFactorSecret"[0m [94mAS[0m [37m"User_twoFactorSecret"[0m[37m,[0m [37m"User"[0m[37m.[0m[37m"passwordResetToken"[0m [94mAS[0m [37m"User_passwordResetToken"[0m[37m,[0m [37m"User"[0m[37m.[0m[37m"passwordResetExpiresAt"[0m [94mAS[0m [37m"User_passwordResetExpiresAt"[0m[37m,[0m [37m"User"[0m[37m.[0m[37m"emailVerifyToken"[0m [94mAS[0m [37m"User_emailVerifyToken"[0m[37m,[0m [37m"User"[0m[37m.[0m[37m"emailVerifyExpiresAt"[0m [94mAS[0m [37m"User_emailVerifyExpiresAt"[0m[37m,[0m [37m"User"[0m[37m.[0m[37m"emailVerified"[0m [94mAS[0m [37m"User_emailVerified"[0m[37m,[0m [37m"User"[0m[37m.[0m[37m"createdAt"[0m [94mAS[0m [37m"User_createdAt"[0m[37m,[0m [37m"User"[0m[37m.[0m[37m"updatedAt"[0m [94mAS[0m [37m"User_updatedAt"[0m[37m,[0m [37m"User__User_center"[0m[37m.[0m[37m"id"[0m [94mAS[0m [37m"User__User_center_id"[0m[37m,[0m [37m"User__User_center"[0m[37m.[0m[37m"name"[0m [94mAS[0m [37m"User__User_center_name"[0m[37m,[0m [37m"User__User_center"[0m[37m.[0m[37m"locationId"[0m [94mAS[0m [37m"User__User_center_locationId"[0m[37m,[0m [37m"User__User_center"[0m[37m.[0m[37m"status"[0m [94mAS[0m [37m"User__User_center_status"[0m[37m,[0m [37m"User__User_center"[0m[37m.[0m[37m"settings"[0m [94mAS[0m [37m"User__User_center_settings"[0m[37m,[0m [37m"User__User_center"[0m[37m.[0m[37m"owner"[0m [94mAS[0m [37m"User__User_center_owner"[0m[37m,[0m [37m"User__User_center"[0m[37m.[0m[37m"createdAt"[0m [94mAS[0m [37m"User__User_center_createdAt"[0m[37m,[0m [37m"User__User_center"[0m[37m.[0m[37m"updatedAt"[0m [94mAS[0m [37m"User__User_center_updatedAt"[0m [94mFROM[0m [37m"users"[0m [37m"User"[0m [94mLEFT JOIN[0m [37m"centers"[0m [37m"User__User_center"[0m [94mON[0m [37m"User__User_center"[0m[37m.[0m[37m"id"[0m[37m=[0m[37m"User"[0m[37m.[0m[37m"centerId"[0m [94mWHERE[0m [37m([0m[37m([0m[37m"User"[0m[37m.[0m[37m"id"[0m [37m=[0m [37m$[0m[32m1[0m[37m)[0m [94mAND[0m [37m([0m[37m"User"[0m[37m.[0m[37m"isActive"[0m [37m=[0m [37m$[0m[32m2[0m[37m)[0m[37m)[0m[37m)[0m [37m"distinctAlias"[0m [94mORDER BY[0m [37m"User_id"[0m [94mASC[0m [94mLIMIT[0m [32m1[0m [90m-- PARAMETERS: ["7366405b-a7d3-4b39-8876-ee5e64775438",true][0m
[90m[4mquery:[24m[39m [94mSELECT[0m [37m"User"[0m[37m.[0m[37m"id"[0m [94mAS[0m [37m"User_id"[0m[37m,[0m [37m"User"[0m[37m.[0m[37m"email"[0m [94mAS[0m [37m"User_email"[0m[37m,[0m [37m"User"[0m[37m.[0m[37m"name"[0m [94mAS[0m [37m"User_name"[0m[37m,[0m [37m"User"[0m[37m.[0m[37m"role"[0m [94mAS[0m [37m"User_role"[0m[37m,[0m [37m"User"[0m[37m.[0m[37m"centerId"[0m [94mAS[0m [37m"User_centerId"[0m[37m,[0m [37m"User"[0m[37m.[0m[37m"settings"[0m [94mAS[0m [37m"User_settings"[0m[37m,[0m [37m"User"[0m[37m.[0m[37m"phone"[0m [94mAS[0m [37m"User_phone"[0m[37m,[0m [37m"User"[0m[37m.[0m[37m"avatar"[0m [94mAS[0m [37m"User_avatar"[0m[37m,[0m [37m"User"[0m[37m.[0m[37m"isActive"[0m [94mAS[0m [37m"User_isActive"[0m[37m,[0m [37m"User"[0m[37m.[0m[37m"lastLogin"[0m [94mAS[0m [37m"User_lastLogin"[0m[37m,[0m [37m"User"[0m[37m.[0m[37m"tokenBalance"[0m [94mAS[0m [37m"User_tokenBalance"[0m[37m,[0m [37m"User"[0m[37m.[0m[37m"deviceToken"[0m [94mAS[0m [37m"User_deviceToken"[0m[37m,[0m [37m"User"[0m[37m.[0m[37m"passwordHash"[0m [94mAS[0m [37m"User_passwordHash"[0m[37m,[0m [37m"User"[0m[37m.[0m[37m"twoFactorEnabled"[0m [94mAS[0m [37m"User_twoFactorEnabled"[0m[37m,[0m [37m"User"[0m[37m.[0m[37m"twoFactorSecret"[0m [94mAS[0m [37m"User_twoFactorSecret"[0m[37m,[0m [37m"User"[0m[37m.[0m[37m"passwordResetToken"[0m [94mAS[0m [37m"User_passwordResetToken"[0m[37m,[0m [37m"User"[0m[37m.[0m[37m"passwordResetExpiresAt"[0m [94mAS[0m [37m"User_passwordResetExpiresAt"[0m[37m,[0m [37m"User"[0m[37m.[0m[37m"emailVerifyToken"[0m [94mAS[0m [37m"User_emailVerifyToken"[0m[37m,[0m [37m"User"[0m[37m.[0m[37m"emailVerifyExpiresAt"[0m [94mAS[0m [37m"User_emailVerifyExpiresAt"[0m[37m,[0m [37m"User"[0m[37m.[0m[37m"emailVerified"[0m [94mAS[0m [37m"User_emailVerified"[0m[37m,[0m [37m"User"[0m[37m.[0m[37m"createdAt"[0m [94mAS[0m [37m"User_createdAt"[0m[37m,[0m [37m"User"[0m[37m.[0m[37m"updatedAt"[0m [94mAS[0m [37m"User_updatedAt"[0m[37m,[0m [37m"User__User_center"[0m[37m.[0m[37m"id"[0m [94mAS[0m [37m"User__User_center_id"[0m[37m,[0m [37m"User__User_center"[0m[37m.[0m[37m"name"[0m [94mAS[0m [37m"User__User_center_name"[0m[37m,[0m [37m"User__User_center"[0m[37m.[0m[37m"locationId"[0m [94mAS[0m [37m"User__User_center_locationId"[0m[37m,[0m [37m"User__User_center"[0m[37m.[0m[37m"status"[0m [94mAS[0m [37m"User__User_center_status"[0m[37m,[0m [37m"User__User_center"[0m[37m.[0m[37m"settings"[0m [94mAS[0m [37m"User__User_center_settings"[0m[37m,[0m [37m"User__User_center"[0m[37m.[0m[37m"owner"[0m [94mAS[0m [37m"User__User_center_owner"[0m[37m,[0m [37m"User__User_center"[0m[37m.[0m[37m"createdAt"[0m [94mAS[0m [37m"User__User_center_createdAt"[0m[37m,[0m [37m"User__User_center"[0m[37m.[0m[37m"updatedAt"[0m [94mAS[0m [37m"User__User_center_updatedAt"[0m [94mFROM[0m [37m"users"[0m [37m"User"[0m [94mLEFT JOIN[0m [37m"centers"[0m [37m"User__User_center"[0m [94mON[0m [37m"User__User_center"[0m[37m.[0m[37m"id"[0m[37m=[0m[37m"User"[0m[37m.[0m[37m"centerId"[0m [94mWHERE[0m [37m([0m [37m([0m[37m([0m[37m"User"[0m[37m.[0m[37m"id"[0m [37m=[0m [37m$[0m[32m1[0m[37m)[0m [94mAND[0m [37m([0m[37m"User"[0m[37m.[0m[37m"isActive"[0m [37m=[0m [37m$[0m[32m2[0m[37m)[0m[37m)[0m [37m)[0m [94mAND[0m [37m([0m [37m"User"[0m[37m.[0m[37m"id"[0m [94mIN[0m [37m([0m[37m$[0m[32m3[0m[37m)[0m [37m)[0m [90m-- PARAMETERS: ["7366405b-a7d3-4b39-8876-ee5e64775438",true,"7366405b-a7d3-4b39-8876-ee5e64775438"][0m
[90m[4mquery:[24m[39m [94mSELECT[0m [37m"Booking"[0m[37m.[0m[37m"id"[0m [94mAS[0m [37m"Booking_id"[0m[37m,[0m [37m"Booking"[0m[37m.[0m[37m"userId"[0m [94mAS[0m [37m"Booking_userId"[0m[37m,[0m [37m"Booking"[0m[37m.[0m[37m"customerId"[0m [94mAS[0m [37m"Booking_customerId"[0m[37m,[0m [37m"Booking"[0m[37m.[0m[37m"seatId"[0m [94mAS[0m [37m"Booking_seatId"[0m[37m,[0m [37m"Booking"[0m[37m.[0m[37m"centerId"[0m [94mAS[0m [37m"Booking_centerId"[0m[37m,[0m [37m"Booking"[0m[37m.[0m[37m"planId"[0m [94mAS[0m [37m"Booking_planId"[0m[37m,[0m [37m"Booking"[0m[37m.[0m[37m"subscriptionId"[0m [94mAS[0m [37m"Booking_subscriptionId"[0m[37m,[0m [37m"Booking"[0m[37m.[0m[37m"startDate"[0m [94mAS[0m [37m"Booking_startDate"[0m[37m,[0m [37m"Booking"[0m[37m.[0m[37m"endDate"[0m [94mAS[0m [37m"Booking_endDate"[0m[37m,[0m [37m"Booking"[0m[37m.[0m[37m"status"[0m [94mAS[0m [37m"Booking_status"[0m[37m,[0m [37m"Booking"[0m[37m.[0m[37m"paymentId"[0m [94mAS[0m [37m"Booking_paymentId"[0m[37m,[0m [37m"Booking"[0m[37m.[0m[37m"totalPrice"[0m [94mAS[0m [37m"Booking_totalPrice"[0m[37m,[0m [37m"Booking"[0m[37m.[0m[37m"discount"[0m [94mAS[0m [37m"Booking_discount"[0m[37m,[0m [37m"Booking"[0m[37m.[0m[37m"discountCode"[0m [94mAS[0m [37m"Booking_discountCode"[0m[37m,[0m [37m"Booking"[0m[37m.[0m[37m"notes"[0m [94mAS[0m [37m"Booking_notes"[0m[37m,[0m [37m"Booking"[0m[37m.[0m[37m"createdAt"[0m [94mAS[0m [37m"Booking_createdAt"[0m[37m,[0m [37m"Booking"[0m[37m.[0m[37m"updatedAt"[0m [94mAS[0m [37m"Booking_updatedAt"[0m[37m,[0m [37m"Booking"[0m[37m.[0m[37m"meetingRoomId"[0m [94mAS[0m [37m"Booking_meetingRoomId"[0m[37m,[0m [37m"Booking"[0m[37m.[0m[37m"eventDate"[0m [94mAS[0m [37m"Booking_eventDate"[0m[37m,[0m [37m"Booking"[0m[37m.[0m[37m"title"[0m [94mAS[0m [37m"Booking_title"[0m[37m,[0m [37m"Booking"[0m[37m.[0m[37m"requestedById"[0m [94mAS[0m [37m"Booking_requestedById"[0m[37m,[0m [37m"Booking__Booking_seat"[0m[37m.[0m[37m"id"[0m [94mAS[0m [37m"Booking__Booking_seat_id"[0m[37m,[0m [37m"Booking__Booking_seat"[0m[37m.[0m[37m"floorId"[0m [94mAS[0m [37m"Booking__Booking_seat_floorId"[0m[37m,[0m [37m"Booking__Booking_seat"[0m[37m.[0m[37m"centerId"[0m [94mAS[0m [37m"Booking__Booking_seat_centerId"[0m[37m,[0m [37m"Booking__Booking_seat"[0m[37m.[0m[37m"name"[0m [94mAS[0m [37m"Booking__Booking_seat_name"[0m[37m,[0m [37m"Booking__Booking_seat"[0m[37m.[0m[37m"seatType"[0m [94mAS[0m [37m"Booking__Booking_seat_seatType"[0m[37m,[0m [37m"Booking__Booking_seat"[0m[37m.[0m[37m"capacity"[0m [94mAS[0m [37m"Booking__Booking_seat_capacity"[0m[37m,[0m [37m"Booking__Booking_seat"[0m[37m.[0m[37m"amenities"[0m [94mAS[0m [37m"Booking__Booking_seat_amenities"[0m[37m,[0m [37m"Booking__Booking_seat"[0m[37m.[0m[37m"price"[0m [94mAS[0m [37m"Booking__Booking_seat_price"[0m[37m,[0m [37m"Booking__Booking_seat"[0m[37m.[0m[37m"status"[0m [94mAS[0m [37m"Booking__Booking_seat_status"[0m[37m,[0m [37m"Booking__Booking_seat"[0m[37m.[0m[37m"location"[0m [94mAS[0m [37m"Booking__Booking_seat_location"[0m[37m,[0m [37m"Booking__Booking_seat"[0m[37m.[0m[37m"minBookingDuration"[0m [94mAS[0m [37m"Booking__Booking_seat_minBookingDuration"[0m[37m,[0m [37m"Booking__Booking_seat"[0m[37m.[0m[37m"maxBookingDuration"[0m [94mAS[0m [37m"Booking__Booking_seat_maxBookingDuration"[0m[37m,[0m [37m"Booking__Booking_seat"[0m[37m.[0m[37m"active"[0m [94mAS[0m [37m"Booking__Booking_seat_active"[0m[37m,[0m [37m"Booking__Booking_seat"[0m[37m.[0m[37m"createdAt"[0m [94mAS[0m [37m"Booking__Booking_seat_createdAt"[0m[37m,[0m [37m"Booking__Booking_seat"[0m[37m.[0m[37m"updatedAt"[0m [94mAS[0m [37m"Booking__Booking_seat_updatedAt"[0m[37m,[0m [37m"Booking__Booking_payment"[0m[37m.[0m[37m"id"[0m [94mAS[0m [37m"Booking__Booking_payment_id"[0m[37m,[0m [37m"Booking__Booking_payment"[0m[37m.[0m[37m"bookingId"[0m [94mAS[0m [37m"Booking__Booking_payment_bookingId"[0m[37m,[0m [37m"Booking__Booking_payment"[0m[37m.[0m[37m"amount"[0m [94mAS[0m [37m"Booking__Booking_payment_amount"[0m[37m,[0m [37m"Booking__Booking_payment"[0m[37m.[0m[37m"currency"[0m [94mAS[0m [37m"Booking__Booking_payment_currency"[0m[37m,[0m [37m"Booking__Booking_payment"[0m[37m.[0m[37m"method"[0m [94mAS[0m [37m"Booking__Booking_payment_method"[0m[37m,[0m [37m"Booking__Booking_payment"[0m[37m.[0m[37m"status"[0m [94mAS[0m [37m"Booking__Booking_payment_status"[0m[37m,[0m [37m"Booking__Booking_payment"[0m[37m.[0m[37m"transactionId"[0m [94mAS[0m [37m"Booking__Booking_payment_transactionId"[0m[37m,[0m [37m"Booking__Booking_payment"[0m[37m.[0m[37m"gatewayRef"[0m [94mAS[0m [37m"Booking__Booking_payment_gatewayRef"[0m[37m,[0m [37m"Booking__Booking_payment"[0m[37m.[0m[37m"metadata"[0m [94mAS[0m [37m"Booking__Booking_payment_metadata"[0m[37m,[0m [37m"Booking__Booking_payment"[0m[37m.[0m[37m"createdAt"[0m [94mAS[0m [37m"Booking__Booking_payment_createdAt"[0m[37m,[0m [37m"Booking__Booking_payment"[0m[37m.[0m[37m"updatedAt"[0m [94mAS[0m [37m"Booking__Booking_payment_updatedAt"[0m [94mFROM[0m [37m"bookings"[0m [37m"Booking"[0m [94mLEFT JOIN[0m [37m"seats"[0m [37m"Booking__Booking_seat"[0m [94mON[0m [37m"Booking__Booking_seat"[0m[37m.[0m[37m"id"[0m[37m=[0m[37m"Booking"[0m[37m.[0m[37m"seatId"[0m  [94mLEFT JOIN[0m [37m"payments"[0m [37m"Booking__Booking_payment"[0m [94mON[0m [37m"Booking__Booking_payment"[0m[37m.[0m[37m"bookingId"[0m[37m=[0m[37m"Booking"[0m[37m.[0m[37m"id"[0m [94mWHERE[0m [37m([0m[37m([0m[37m"Booking"[0m[37m.[0m[37m"status"[0m [37m=[0m [37m$[0m[32m1[0m[37m)[0m [94mAND[0m [37m([0m[37m"Booking"[0m[37m.[0m[37m"createdAt"[0m [37m>=[0m [37m$[0m[32m2[0m[37m)[0m[37m)[0m [90m-- PARAMETERS: ["CONFIRMED","2026-07-19T09:58:42.507Z"][0m
[90m[4mquery:[24m[39m [94mSELECT[0m [37m"Booking"[0m[37m.[0m[37m"id"[0m [94mAS[0m [37m"Booking_id"[0m[37m,[0m [37m"Booking"[0m[37m.[0m[37m"userId"[0m [94mAS[0m [37m"Booking_userId"[0m[37m,[0m [37m"Booking"[0m[37m.[0m[37m"customerId"[0m [94mAS[0m [37m"Booking_customerId"[0m[37m,[0m [37m"Booking"[0m[37m.[0m[37m"seatId"[0m [94mAS[0m [37m"Booking_seatId"[0m[37m,[0m [37m"Booking"[0m[37m.[0m[37m"centerId"[0m [94mAS[0m [37m"Booking_centerId"[0m[37m,[0m [37m"Booking"[0m[37m.[0m[37m"planId"[0m [94mAS[0m [37m"Booking_planId"[0m[37m,[0m [37m"Booking"[0m[37m.[0m[37m"subscriptionId"[0m [94mAS[0m [37m"Booking_subscriptionId"[0m[37m,[0m [37m"Booking"[0m[37m.[0m[37m"startDate"[0m [94mAS[0m [37m"Booking_startDate"[0m[37m,[0m [37m"Booking"[0m[37m.[0m[37m"endDate"[0m [94mAS[0m [37m"Booking_endDate"[0m[37m,[0m [37m"Booking"[0m[37m.[0m[37m"status"[0m [94mAS[0m [37m"Booking_status"[0m[37m,[0m [37m"Booking"[0m[37m.[0m[37m"paymentId"[0m [94mAS[0m [37m"Booking_paymentId"[0m[37m,[0m [37m"Booking"[0m[37m.[0m[37m"totalPrice"[0m [94mAS[0m [37m"Booking_totalPrice"[0m[37m,[0m [37m"Booking"[0m[37m.[0m[37m"discount"[0m [94mAS[0m [37m"Booking_discount"[0m[37m,[0m [37m"Booking"[0m[37m.[0m[37m"discountCode"[0m [94mAS[0m [37m"Booking_discountCode"[0m[37m,[0m [37m"Booking"[0m[37m.[0m[37m"notes"[0m [94mAS[0m [37m"Booking_notes"[0m[37m,[0m [37m"Booking"[0m[37m.[0m[37m"createdAt"[0m [94mAS[0m [37m"Booking_createdAt"[0m[37m,[0m [37m"Booking"[0m[37m.[0m[37m"updatedAt"[0m [94mAS[0m [37m"Booking_updatedAt"[0m[37m,[0m [37m"Booking"[0m[37m.[0m[37m"meetingRoomId"[0m [94mAS[0m [37m"Booking_meetingRoomId"[0m[37m,[0m [37m"Booking"[0m[37m.[0m[37m"eventDate"[0m [94mAS[0m [37m"Booking_eventDate"[0m[37m,[0m [37m"Booking"[0m[37m.[0m[37m"title"[0m [94mAS[0m [37m"Booking_title"[0m[37m,[0m [37m"Booking"[0m[37m.[0m[37m"requestedById"[0m [94mAS[0m [37m"Booking_requestedById"[0m[37m,[0m [37m"Booking__Booking_payment"[0m[37m.[0m[37m"id"[0m [94mAS[0m [37m"Booking__Booking_payment_id"[0m[37m,[0m [37m"Booking__Booking_payment"[0m[37m.[0m[37m"bookingId"[0m [94mAS[0m [37m"Booking__Booking_payment_bookingId"[0m[37m,[0m [37m"Booking__Booking_payment"[0m[37m.[0m[37m"amount"[0m [94mAS[0m [37m"Booking__Booking_payment_amount"[0m[37m,[0m [37m"Booking__Booking_payment"[0m[37m.[0m[37m"currency"[0m [94mAS[0m [37m"Booking__Booking_payment_currency"[0m[37m,[0m [37m"Booking__Booking_payment"[0m[37m.[0m[37m"method"[0m [94mAS[0m [37m"Booking__Booking_payment_method"[0m[37m,[0m [37m"Booking__Booking_payment"[0m[37m.[0m[37m"status"[0m [94mAS[0m [37m"Booking__Booking_payment_status"[0m[37m,[0m [37m"Booking__Booking_payment"[0m[37m.[0m[37m"transactionId"[0m [94mAS[0m [37m"Booking__Booking_payment_transactionId"[0m[37m,[0m [37m"Booking__Booking_payment"[0m[37m.[0m[37m"gatewayRef"[0m [94mAS[0m [37m"Booking__Booking_payment_gatewayRef"[0m[37m,[0m [37m"Booking__Booking_payment"[0m[37m.[0m[37m"metadata"[0m [94mAS[0m [37m"Booking__Booking_payment_metadata"[0m[37m,[0m [37m"Booking__Booking_payment"[0m[37m.[0m[37m"createdAt"[0m [94mAS[0m [37m"Booking__Booking_payment_createdAt"[0m[37m,[0m [37m"Booking__Booking_payment"[0m[37m.[0m[37m"updatedAt"[0m [94mAS[0m [37m"Booking__Booking_payment_updatedAt"[0m [94mFROM[0m [37m"bookings"[0m [37m"Booking"[0m [94mLEFT JOIN[0m [37m"payments"[0m [37m"Booking__Booking_payment"[0m [94mON[0m [37m"Booking__Booking_payment"[0m[37m.[0m[37m"bookingId"[0m[37m=[0m[37m"Booking"[0m[37m.[0m[37m"id"[0m [94mWHERE[0m [37m([0m[37m([0m[37m"Booking"[0m[37m.[0m[37m"status"[0m [37m=[0m [37m$[0m[32m1[0m[37m)[0m [94mAND[0m [37m([0m[37m"Booking"[0m[37m.[0m[37m"createdAt"[0m [94mBETWEEN[0m [37m$[0m[32m2[0m [94mAND[0m [37m$[0m[32m3[0m[37m)[0m[37m)[0m [90m-- PARAMETERS: ["CONFIRMED","2026-06-19T09:58:42.507Z","2026-07-19T09:58:42.507Z"][0m
[90m[4mquery:[24m[39m [94mSELECT[0m [95mCOUNT[0m[37m([0m[32m1[0m[37m)[0m [94mAS[0m [37m"cnt"[0m [94mFROM[0m [37m"seats"[0m [37m"Seat"[0m
[90m[4mquery:[24m[39m [94mSELECT[0m [95mCOUNT[0m[37m([0m[32m1[0m[37m)[0m [94mAS[0m [37m"cnt"[0m [94mFROM[0m [37m"seats"[0m [37m"Seat"[0m [94mWHERE[0m [37m([0m[37m([0m[37m"Seat"[0m[37m.[0m[37m"status"[0m [37m=[0m [37m$[0m[32m1[0m[37m)[0m[37m)[0m [90m-- PARAMETERS: ["OCCUPIED"][0m
[90m[4mquery:[24m[39m [94mSELECT[0m [95mCOUNT[0m[37m([0m[32m1[0m[37m)[0m [94mAS[0m [37m"cnt"[0m [94mFROM[0m [37m"seats"[0m [37m"Seat"[0m [94mWHERE[0m [37m([0m[37m([0m[37m"Seat"[0m[37m.[0m[37m"status"[0m [37m=[0m [37m$[0m[32m1[0m[37m)[0m [94mAND[0m [37m([0m[37m"Seat"[0m[37m.[0m[37m"updatedAt"[0m [37m<[0m [37m$[0m[32m2[0m[37m)[0m[37m)[0m [90m-- PARAMETERS: ["OCCUPIED","2026-07-19T09:58:42.507Z"][0m
[90m[4mquery:[24m[39m [94mSELECT[0m [37m"Booking"[0m[37m.[0m[37m"id"[0m [94mAS[0m [37m"Booking_id"[0m[37m,[0m [37m"Booking"[0m[37m.[0m[37m"userId"[0m [94mAS[0m [37m"Booking_userId"[0m[37m,[0m [37m"Booking"[0m[37m.[0m[37m"customerId"[0m [94mAS[0m [37m"Booking_customerId"[0m[37m,[0m [37m"Booking"[0m[37m.[0m[37m"seatId"[0m [94mAS[0m [37m"Booking_seatId"[0m[37m,[0m [37m"Booking"[0m[37m.[0m[37m"centerId"[0m [94mAS[0m [37m"Booking_centerId"[0m[37m,[0m [37m"Booking"[0m[37m.[0m[37m"planId"[0m [94mAS[0m [37m"Booking_planId"[0m[37m,[0m [37m"Booking"[0m[37m.[0m[37m"subscriptionId"[0m [94mAS[0m [37m"Booking_subscriptionId"[0m[37m,[0m [37m"Booking"[0m[37m.[0m[37m"startDate"[0m [94mAS[0m [37m"Booking_startDate"[0m[37m,[0m [37m"Booking"[0m[37m.[0m[37m"endDate"[0m [94mAS[0m [37m"Booking_endDate"[0m[37m,[0m [37m"Booking"[0m[37m.[0m[37m"status"[0m [94mAS[0m [37m"Booking_status"[0m[37m,[0m [37m"Booking"[0m[37m.[0m[37m"paymentId"[0m [94mAS[0m [37m"Booking_paymentId"[0m[37m,[0m [37m"Booking"[0m[37m.[0m[37m"totalPrice"[0m [94mAS[0m [37m"Booking_totalPrice"[0m[37m,[0m [37m"Booking"[0m[37m.[0m[37m"discount"[0m [94mAS[0m [37m"Booking_discount"[0m[37m,[0m [37m"Booking"[0m[37m.[0m[37m"discountCode"[0m [94mAS[0m [37m"Booking_discountCode"[0m[37m,[0m [37m"Booking"[0m[37m.[0m[37m"notes"[0m [94mAS[0m [37m"Booking_notes"[0m[37m,[0m [37m"Booking"[0m[37m.[0m[37m"createdAt"[0m [94mAS[0m [37m"Booking_createdAt"[0m[37m,[0m [37m"Booking"[0m[37m.[0m[37m"updatedAt"[0m [94mAS[0m [37m"Booking_updatedAt"[0m[37m,[0m [37m"Booking"[0m[37m.[0m[37m"meetingRoomId"[0m [94mAS[0m [37m"Booking_meetingRoomId"[0m[37m,[0m [37m"Booking"[0m[37m.[0m[37m"eventDate"[0m [94mAS[0m [37m"Booking_eventDate"[0m[37m,[0m [37m"Booking"[0m[37m.[0m[37m"title"[0m [94mAS[0m [37m"Booking_title"[0m[37m,[0m [37m"Booking"[0m[37m.[0m[37m"requestedById"[0m [94mAS[0m [37m"Booking_requestedById"[0m [94mFROM[0m [37m"bookings"[0m [37m"Booking"[0m [94mLEFT JOIN[0m [37m"payments"[0m [37m"Booking__Booking_payment"[0m [94mON[0m [37m"Booking__Booking_payment"[0m[37m.[0m[37m"bookingId"[0m[37m=[0m[37m"Booking"[0m[37m.[0m[37m"id"[0m [94mWHERE[0m [37m([0m[37m([0m[37m"Booking"[0m[37m.[0m[37m"status"[0m [37m=[0m [37m$[0m[32m1[0m[37m)[0m [94mAND[0m [37m([0m[37m([0m[37m([0m[37m"Booking__Booking_payment"[0m[37m.[0m[37m"status"[0m [37m=[0m [37m$[0m[32m2[0m[37m)[0m[37m)[0m[37m)[0m[37m)[0m [90m-- PARAMETERS: ["CONFIRMED","PENDING"][0m
[90m[4mquery:[24m[39m [94mSELECT DISTINCT[0m [37m"distinctAlias"[0m[37m.[0m[37m"User_id"[0m [94mAS[0m [37m"ids_User_id"[0m [94mFROM[0m [37m([0m[94mSELECT[0m [37m"User"[0m[37m.[0m[37m"id"[0m [94mAS[0m [37m"User_id"[0m[37m,[0m [37m"User"[0m[37m.[0m[37m"email"[0m [94mAS[0m [37m"User_email"[0m[37m,[0m [37m"User"[0m[37m.[0m[37m"name"[0m [94mAS[0m [37m"User_name"[0m[37m,[0m [37m"User"[0m[37m.[0m[37m"role"[0m [94mAS[0m [37m"User_role"[0m[37m,[0m [37m"User"[0m[37m.[0m[37m"centerId"[0m [94mAS[0m [37m"User_centerId"[0m[37m,[0m [37m"User"[0m[37m.[0m[37m"settings"[0m [94mAS[0m [37m"User_settings"[0m[37m,[0m [37m"User"[0m[37m.[0m[37m"phone"[0m [94mAS[0m [37m"User_phone"[0m[37m,[0m [37m"User"[0m[37m.[0m[37m"avatar"[0m [94mAS[0m [37m"User_avatar"[0m[37m,[0m [37m"User"[0m[37m.[0m[37m"isActive"[0m [94mAS[0m [37m"User_isActive"[0m[37m,[0m [37m"User"[0m[37m.[0m[37m"lastLogin"[0m [94mAS[0m [37m"User_lastLogin"[0m[37m,[0m [37m"User"[0m[37m.[0m[37m"tokenBalance"[0m [94mAS[0m [37m"User_tokenBalance"[0m[37m,[0m [37m"User"[0m[37m.[0m[37m"deviceToken"[0m [94mAS[0m [37m"User_deviceToken"[0m[37m,[0m [37m"User"[0m[37m.[0m[37m"passwordHash"[0m [94mAS[0m [37m"User_passwordHash"[0m[37m,[0m [37m"User"[0m[37m.[0m[37m"twoFactorEnabled"[0m [94mAS[0m [37m"User_twoFactorEnabled"[0m[37m,[0m [37m"User"[0m[37m.[0m[37m"twoFactorSecret"[0m [94mAS[0m [37m"User_twoFactorSecret"[0m[37m,[0m [37m"User"[0m[37m.[0m[37m"passwordResetToken"[0m [94mAS[0m [37m"User_passwordResetToken"[0m[37m,[0m [37m"User"[0m[37m.[0m[37m"passwordResetExpiresAt"[0m [94mAS[0m [37m"User_passwordResetExpiresAt"[0m[37m,[0m [37m"User"[0m[37m.[0m[37m"emailVerifyToken"[0m [94mAS[0m [37m"User_emailVerifyToken"[0m[37m,[0m [37m"User"[0m[37m.[0m[37m"emailVerifyExpiresAt"[0m [94mAS[0m [37m"User_emailVerifyExpiresAt"[0m[37m,[0m [37m"User"[0m[37m.[0m[37m"emailVerified"[0m [94mAS[0m [37m"User_emailVerified"[0m[37m,[0m [37m"User"[0m[37m.[0m[37m"createdAt"[0m [94mAS[0m [37m"User_createdAt"[0m[37m,[0m [37m"User"[0m[37m.[0m[37m"updatedAt"[0m [94mAS[0m [37m"User_updatedAt"[0m[37m,[0m [37m"User__User_center"[0m[37m.[0m[37m"id"[0m [94mAS[0m [37m"User__User_center_id"[0m[37m,[0m [37m"User__User_center"[0m[37m.[0m[37m"name"[0m [94mAS[0m [37m"User__User_center_name"[0m[37m,[0m [37m"User__User_center"[0m[37m.[0m[37m"locationId"[0m [94mAS[0m [37m"User__User_center_locationId"[0m[37m,[0m [37m"User__User_center"[0m[37m.[0m[37m"status"[0m [94mAS[0m [37m"User__User_center_status"[0m[37m,[0m [37m"User__User_center"[0m[37m.[0m[37m"settings"[0m [94mAS[0m [37m"User__User_center_settings"[0m[37m,[0m [37m"User__User_center"[0m[37m.[0m[37m"owner"[0m [94mAS[0m [37m"User__User_center_owner"[0m[37m,[0m [37m"User__User_center"[0m[37m.[0m[37m"createdAt"[0m [94mAS[0m [37m"User__User_center_createdAt"[0m[37m,[0m [37m"User__User_center"[0m[37m.[0m[37m"updatedAt"[0m [94mAS[0m [37m"User__User_center_updatedAt"[0m [94mFROM[0m [37m"users"[0m [37m"User"[0m [94mLEFT JOIN[0m [37m"centers"[0m [37m"User__User_center"[0m [94mON[0m [37m"User__User_center"[0m[37m.[0m[37m"id"[0m[37m=[0m[37m"User"[0m[37m.[0m[37m"centerId"[0m [94mWHERE[0m [37m([0m[37m([0m[37m"User"[0m[37m.[0m[37m"id"[0m [37m=[0m [37m$[0m[32m1[0m[37m)[0m [94mAND[0m [37m([0m[37m"User"[0m[37m.[0m[37m"isActive"[0m [37m=[0m [37m$[0m[32m2[0m[37m)[0m[37m)[0m[37m)[0m [37m"distinctAlias"[0m [94mORDER BY[0m [37m"User_id"[0m [94mASC[0m [94mLIMIT[0m [32m1[0m [90m-- PARAMETERS: ["7366405b-a7d3-4b39-8876-ee5e64775438",true][0m
[90m[4mquery:[24m[39m [94mSELECT[0m [37m"Seat"[0m[37m.[0m[37m"id"[0m [94mAS[0m [37m"Seat_id"[0m[37m,[0m [37m"Seat"[0m[37m.[0m[37m"floorId"[0m [94mAS[0m [37m"Seat_floorId"[0m[37m,[0m [37m"Seat"[0m[37m.[0m[37m"centerId"[0m [94mAS[0m [37m"Seat_centerId"[0m[37m,[0m [37m"Seat"[0m[37m.[0m[37m"name"[0m [94mAS[0m [37m"Seat_name"[0m[37m,[0m [37m"Seat"[0m[37m.[0m[37m"seatType"[0m [94mAS[0m [37m"Seat_seatType"[0m[37m,[0m [37m"Seat"[0m[37m.[0m[37m"capacity"[0m [94mAS[0m [37m"Seat_capacity"[0m[37m,[0m [37m"Seat"[0m[37m.[0m[37m"amenities"[0m [94mAS[0m [37m"Seat_amenities"[0m[37m,[0m [37m"Seat"[0m[37m.[0m[37m"price"[0m [94mAS[0m [37m"Seat_price"[0m[37m,[0m [37m"Seat"[0m[37m.[0m[37m"status"[0m [94mAS[0m [37m"Seat_status"[0m[37m,[0m [37m"Seat"[0m[37m.[0m[37m"location"[0m [94mAS[0m [37m"Seat_location"[0m[37m,[0m [37m"Seat"[0m[37m.[0m[37m"minBookingDuration"[0m [94mAS[0m [37m"Seat_minBookingDuration"[0m[37m,[0m [37m"Seat"[0m[37m.[0m[37m"maxBookingDuration"[0m [94mAS[0m [37m"Seat_maxBookingDuration"[0m[37m,[0m [37m"Seat"[0m[37m.[0m[37m"active"[0m [94mAS[0m [37m"Seat_active"[0m[37m,[0m [37m"Seat"[0m[37m.[0m[37m"createdAt"[0m [94mAS[0m [37m"Seat_createdAt"[0m[37m,[0m [37m"Seat"[0m[37m.[0m[37m"updatedAt"[0m [94mAS[0m [37m"Seat_updatedAt"[0m [94mFROM[0m [37m"seats"[0m [37m"Seat"[0m [94mWHERE[0m [37m([0m[37m([0m[37m"Seat"[0m[37m.[0m[37m"status"[0m [37m=[0m [37m$[0m[32m1[0m[37m)[0m[37m)[0m [90m-- PARAMETERS: ["MAINTENANCE"][0m
[90m[4mquery:[24m[39m [94mSELECT[0m [37m"User"[0m[37m.[0m[37m"id"[0m [94mAS[0m [37m"User_id"[0m[37m,[0m [37m"User"[0m[37m.[0m[37m"email"[0m [94mAS[0m [37m"User_email"[0m[37m,[0m [37m"User"[0m[37m.[0m[37m"name"[0m [94mAS[0m [37m"User_name"[0m[37m,[0m [37m"User"[0m[37m.[0m[37m"role"[0m [94mAS[0m [37m"User_role"[0m[37m,[0m [37m"User"[0m[37m.[0m[37m"centerId"[0m [94mAS[0m [37m"User_centerId"[0m[37m,[0m [37m"User"[0m[37m.[0m[37m"settings"[0m [94mAS[0m [37m"User_settings"[0m[37m,[0m [37m"User"[0m[37m.[0m[37m"phone"[0m [94mAS[0m [37m"User_phone"[0m[37m,[0m [37m"User"[0m[37m.[0m[37m"avatar"[0m [94mAS[0m [37m"User_avatar"[0m[37m,[0m [37m"User"[0m[37m.[0m[37m"isActive"[0m [94mAS[0m [37m"User_isActive"[0m[37m,[0m [37m"User"[0m[37m.[0m[37m"lastLogin"[0m [94mAS[0m [37m"User_lastLogin"[0m[37m,[0m [37m"User"[0m[37m.[0m[37m"tokenBalance"[0m [94mAS[0m [37m"User_tokenBalance"[0m[37m,[0m [37m"User"[0m[37m.[0m[37m"deviceToken"[0m [94mAS[0m [37m"User_deviceToken"[0m[37m,[0m [37m"User"[0m[37m.[0m[37m"passwordHash"[0m [94mAS[0m [37m"User_passwordHash"[0m[37m,[0m [37m"User"[0m[37m.[0m[37m"twoFactorEnabled"[0m [94mAS[0m [37m"User_twoFactorEnabled"[0m[37m,[0m [37m"User"[0m[37m.[0m[37m"twoFactorSecret"[0m [94mAS[0m [37m"User_twoFactorSecret"[0m[37m,[0m [37m"User"[0m[37m.[0m[37m"passwordResetToken"[0m [94mAS[0m [37m"User_passwordResetToken"[0m[37m,[0m [37m"User"[0m[37m.[0m[37m"passwordResetExpiresAt"[0m [94mAS[0m [37m"User_passwordResetExpiresAt"[0m[37m,[0m [37m"User"[0m[37m.[0m[37m"emailVerifyToken"[0m [94mAS[0m [37m"User_emailVerifyToken"[0m[37m,[0m [37m"User"[0m[37m.[0m[37m"emailVerifyExpiresAt"[0m [94mAS[0m [37m"User_emailVerifyExpiresAt"[0m[37m,[0m [37m"User"[0m[37m.[0m[37m"emailVerified"[0m [94mAS[0m [37m"User_emailVerified"[0m[37m,[0m [37m"User"[0m[37m.[0m[37m"createdAt"[0m [94mAS[0m [37m"User_createdAt"[0m[37m,[0m [37m"User"[0m[37m.[0m[37m"updatedAt"[0m [94mAS[0m [37m"User_updatedAt"[0m[37m,[0m [37m"User__User_center"[0m[37m.[0m[37m"id"[0m [94mAS[0m [37m"User__User_center_id"[0m[37m,[0m [37m"User__User_center"[0m[37m.[0m[37m"name"[0m [94mAS[0m [37m"User__User_center_name"[0m[37m,[0m [37m"User__User_center"[0m[37m.[0m[37m"locationId"[0m [94mAS[0m [37m"User__User_center_locationId"[0m[37m,[0m [37m"User__User_center"[0m[37m.[0m[37m"status"[0m [94mAS[0m [37m"User__User_center_status"[0m[37m,[0m [37m"User__User_center"[0m[37m.[0m[37m"settings"[0m [94mAS[0m [37m"User__User_center_settings"[0m[37m,[0m [37m"User__User_center"[0m[37m.[0m[37m"owner"[0m [94mAS[0m [37m"User__User_center_owner"[0m[37m,[0m [37m"User__User_center"[0m[37m.[0m[37m"createdAt"[0m [94mAS[0m [37m"User__User_center_createdAt"[0m[37m,[0m [37m"User__User_center"[0m[37m.[0m[37m"updatedAt"[0m [94mAS[0m [37m"User__User_center_updatedAt"[0m [94mFROM[0m [37m"users"[0m [37m"User"[0m [94mLEFT JOIN[0m [37m"centers"[0m [37m"User__User_center"[0m [94mON[0m [37m"User__User_center"[0m[37m.[0m[37m"id"[0m[37m=[0m[37m"User"[0m[37m.[0m[37m"centerId"[0m [94mWHERE[0m [37m([0m [37m([0m[37m([0m[37m"User"[0m[37m.[0m[37m"id"[0m [37m=[0m [37m$[0m[32m1[0m[37m)[0m [94mAND[0m [37m([0m[37m"User"[0m[37m.[0m[37m"isActive"[0m [37m=[0m [37m$[0m[32m2[0m[37m)[0m[37m)[0m [37m)[0m [94mAND[0m [37m([0m [37m"User"[0m[37m.[0m[37m"id"[0m [94mIN[0m [37m([0m[37m$[0m[32m3[0m[37m)[0m [37m)[0m [90m-- PARAMETERS: ["7366405b-a7d3-4b39-8876-ee5e64775438",true,"7366405b-a7d3-4b39-8876-ee5e64775438"][0m
[90m[4mquery:[24m[39m [94mSELECT DISTINCT[0m [37m"distinctAlias"[0m[37m.[0m[37m"Deposit_id"[0m [94mAS[0m [37m"ids_Deposit_id"[0m[37m,[0m [37m"distinctAlias"[0m[37m.[0m[37m"Deposit_createdAt"[0m [94mFROM[0m [37m([0m[94mSELECT[0m [37m"Deposit"[0m[37m.[0m[37m"id"[0m [94mAS[0m [37m"Deposit_id"[0m[37m,[0m [37m"Deposit"[0m[37m.[0m[37m"customerId"[0m [94mAS[0m [37m"Deposit_customerId"[0m[37m,[0m [37m"Deposit"[0m[37m.[0m[37m"customerName"[0m [94mAS[0m [37m"Deposit_customerName"[0m[37m,[0m [37m"Deposit"[0m[37m.[0m[37m"centerId"[0m [94mAS[0m [37m"Deposit_centerId"[0m[37m,[0m [37m"Deposit"[0m[37m.[0m[37m"amount"[0m [94mAS[0m [37m"Deposit_amount"[0m[37m,[0m [37m"Deposit"[0m[37m.[0m[37m"depositType"[0m [94mAS[0m [37m"Deposit_depositType"[0m[37m,[0m [37m"Deposit"[0m[37m.[0m[37m"status"[0m [94mAS[0m [37m"Deposit_status"[0m[37m,[0m [37m"Deposit"[0m[37m.[0m[37m"referenceNumber"[0m [94mAS[0m [37m"Deposit_referenceNumber"[0m[37m,[0m [37m"Deposit"[0m[37m.[0m[37m"receivedDate"[0m [94mAS[0m [37m"Deposit_receivedDate"[0m[37m,[0m [37m"Deposit"[0m[37m.[0m[37m"releasedDate"[0m [94mAS[0m [37m"Deposit_releasedDate"[0m[37m,[0m [37m"Deposit"[0m[37m.[0m[37m"releaseRequestedDate"[0m [94mAS[0m [37m"Deposit_releaseRequestedDate"[0m[37m,[0m [37m"Deposit"[0m[37m.[0m[37m"releaseReason"[0m [94mAS[0m [37m"Deposit_releaseReason"[0m[37m,[0m [37m"Deposit"[0m[37m.[0m[37m"frozen"[0m [94mAS[0m [37m"Deposit_frozen"[0m[37m,[0m [37m"Deposit"[0m[37m.[0m[37m"notes"[0m [94mAS[0m [37m"Deposit_notes"[0m[37m,[0m [37m"Deposit"[0m[37m.[0m[37m"createdAt"[0m [94mAS[0m [37m"Deposit_createdAt"[0m[37m,[0m [37m"Deposit"[0m[37m.[0m[37m"updatedAt"[0m [94mAS[0m [37m"Deposit_updatedAt"[0m[37m,[0m [37m"Deposit__Deposit_center"[0m[37m.[0m[37m"id"[0m [94mAS[0m [37m"Deposit__Deposit_center_id"[0m[37m,[0m [37m"Deposit__Deposit_center"[0m[37m.[0m[37m"name"[0m [94mAS[0m [37m"Deposit__Deposit_center_name"[0m[37m,[0m [37m"Deposit__Deposit_center"[0m[37m.[0m[37m"locationId"[0m [94mAS[0m [37m"Deposit__Deposit_center_locationId"[0m[37m,[0m [37m"Deposit__Deposit_center"[0m[37m.[0m[37m"status"[0m [94mAS[0m [37m"Deposit__Deposit_center_status"[0m[37m,[0m [37m"Deposit__Deposit_center"[0m[37m.[0m[37m"settings"[0m [94mAS[0m [37m"Deposit__Deposit_center_settings"[0m[37m,[0m [37m"Deposit__Deposit_center"[0m[37m.[0m[37m"owner"[0m [94mAS[0m [37m"Deposit__Deposit_center_owner"[0m[37m,[0m [37m"Deposit__Deposit_center"[0m[37m.[0m[37m"createdAt"[0m [94mAS[0m [37m"Deposit__Deposit_center_createdAt"[0m[37m,[0m [37m"Deposit__Deposit_center"[0m[37m.[0m[37m"updatedAt"[0m [94mAS[0m [37m"Deposit__Deposit_center_updatedAt"[0m[37m,[0m [37m"Deposit__Deposit_customer"[0m[37m.[0m[37m"id"[0m [94mAS[0m [37m"Deposit__Deposit_customer_id"[0m[37m,[0m [37m"Deposit__Deposit_customer"[0m[37m.[0m[37m"userId"[0m [94mAS[0m [37m"Deposit__Deposit_customer_userId"[0m[37m,[0m [37m"Deposit__Deposit_customer"[0m[37m.[0m[37m"name"[0m [94mAS[0m [37m"Deposit__Deposit_customer_name"[0m[37m,[0m [37m"Deposit__Deposit_customer"[0m[37m.[0m[37m"email"[0m [94mAS[0m [37m"Deposit__Deposit_customer_email"[0m[37m,[0m [37m"Deposit__Deposit_customer"[0m[37m.[0m[37m"phone"[0m [94mAS[0m [37m"Deposit__Deposit_customer_phone"[0m[37m,[0m [37m"Deposit__Deposit_customer"[0m[37m.[0m[37m"company"[0m [94mAS[0m [37m"Deposit__Deposit_customer_company"[0m[37m,[0m [37m"Deposit__Deposit_customer"[0m[37m.[0m[37m"status"[0m [94mAS[0m [37m"Deposit__Deposit_customer_status"[0m[37m,[0m [37m"Deposit__Deposit_customer"[0m[37m.[0m[37m"totalBookings"[0m [94mAS[0m [37m"Deposit__Deposit_customer_totalBookings"[0m[37m,[0m [37m"Deposit__Deposit_customer"[0m[37m.[0m[37m"totalSpent"[0m [94mAS[0m [37m"Deposit__Deposit_customer_totalSpent"[0m[37m,[0m [37m"Deposit__Deposit_customer"[0m[37m.[0m[37m"lastBooking"[0m [94mAS[0m [37m"Deposit__Deposit_customer_lastBooking"[0m[37m,[0m [37m"Deposit__Deposit_customer"[0m[37m.[0m[37m"centerId"[0m [94mAS[0m [37m"Deposit__Deposit_customer_centerId"[0m[37m,[0m [37m"Deposit__Deposit_customer"[0m[37m.[0m[37m"teamSize"[0m [94mAS[0m [37m"Deposit__Deposit_customer_teamSize"[0m[37m,[0m [37m"Deposit__Deposit_customer"[0m[37m.[0m[37m"location"[0m [94mAS[0m [37m"Deposit__Deposit_customer_location"[0m[37m,[0m [37m"Deposit__Deposit_customer"[0m[37m.[0m[37m"joinDate"[0m [94mAS[0m [37m"Deposit__Deposit_customer_joinDate"[0m[37m,[0m [37m"Deposit__Deposit_customer"[0m[37m.[0m[37m"notes"[0m [94mAS[0m [37m"Deposit__Deposit_customer_notes"[0m[37m,[0m [37m"Deposit__Deposit_customer"[0m[37m.[0m[37m"gstNumber"[0m [94mAS[0m [37m"Deposit__Deposit_customer_gstNumber"[0m[37m,[0m [37m"Deposit__Deposit_customer"[0m[37m.[0m[37m"companyAddress"[0m [94mAS[0m [37m"Deposit__Deposit_customer_companyAddress"[0m[37m,[0m [37m"Deposit__Deposit_customer"[0m[37m.[0m[37m"companyType"[0m [94mAS[0m [37m"Deposit__Deposit_customer_companyType"[0m[37m,[0m [37m"Deposit__Deposit_customer"[0m[37m.[0m[37m"employeeCount"[0m [94mAS[0m [37m"Deposit__Deposit_customer_employeeCount"[0m[37m,[0m [37m"Deposit__Deposit_customer"[0m[37m.[0m[37m"industry"[0m [94mAS[0m [37m"Deposit__Deposit_customer_industry"[0m[37m,[0m [37m"Deposit__Deposit_customer"[0m[37m.[0m[37m"website"[0m [94mAS[0m [37m"Deposit__Deposit_customer_website"[0m[37m,[0m [37m"Deposit__Deposit_customer"[0m[37m.[0m[37m"planType"[0m [94mAS[0m [37m"Deposit__Deposit_customer_planType"[0m[37m,[0m [37m"Deposit__Deposit_customer"[0m[37m.[0m[37m"alternateEmail"[0m [94mAS[0m [37m"Deposit__Deposit_customer_alternateEmail"[0m[37m,[0m [37m"Deposit__Deposit_customer"[0m[37m.[0m[37m"alternatePhone"[0m [94mAS[0m [37m"Deposit__Deposit_customer_alternatePhone"[0m[37m,[0m [37m"Deposit__Deposit_customer"[0m[37m.[0m[37m"dob"[0m [94mAS[0m [37m"Deposit__Deposit_customer_dob"[0m[37m,[0m [37m"Deposit__Deposit_customer"[0m[37m.[0m[37m"emergencyContactName"[0m [94mAS[0m [37m"Deposit__Deposit_customer_emergencyContactName"[0m[37m,[0m [37m"Deposit__Deposit_customer"[0m[37m.[0m[37m"emergencyContactPhone"[0m [94mAS[0m [37m"Deposit__Deposit_customer_emergencyContactPhone"[0m[37m,[0m [37m"Deposit__Deposit_customer"[0m[37m.[0m[37m"communicationChannel"[0m [94mAS[0m [37m"Deposit__Deposit_customer_communicationChannel"[0m[37m,[0m [37m"Deposit__Deposit_customer"[0m[37m.[0m[37m"createdAt"[0m [94mAS[0m [37m"Deposit__Deposit_customer_createdAt"[0m[37m,[0m [37m"Deposit__Deposit_customer"[0m[37m.[0m[37m"updatedAt"[0m [94mAS[0m [37m"Deposit__Deposit_customer_updatedAt"[0m [94mFROM[0m [37m"deposits"[0m [37m"Deposit"[0m [94mLEFT JOIN[0m [37m"centers"[0m [37m"Deposit__Deposit_center"[0m [94mON[0m [37m"Deposit__Deposit_center"[0m[37m.[0m[37m"id"[0m[37m=[0m[37m"Deposit"[0m[37m.[0m[37m"centerId"[0m  [94mLEFT JOIN[0m [37m"customers"[0m [37m"Deposit__Deposit_customer"[0m [94mON[0m [37m"Deposit__Deposit_customer"[0m[37m.[0m[37m"id"[0m[37m=[0m[37m"Deposit"[0m[37m.[0m[37m"customerId"[0m[37m)[0m [37m"distinctAlias"[0m [94mORDER BY[0m [37m"distinctAlias"[0m[37m.[0m[37m"Deposit_createdAt"[0m [94mDESC[0m[37m,[0m [37m"Deposit_id"[0m [94mASC[0m [94mLIMIT[0m [32m50[0m [37mOFFSET[0m [32m0[0m
[90m[4mquery:[24m[39m [94mSELECT DISTINCT[0m [37m"distinctAlias"[0m[37m.[0m[37m"User_id"[0m [94mAS[0m [37m"ids_User_id"[0m [94mFROM[0m [37m([0m[94mSELECT[0m [37m"User"[0m[37m.[0m[37m"id"[0m [94mAS[0m [37m"User_id"[0m[37m,[0m [37m"User"[0m[37m.[0m[37m"email"[0m [94mAS[0m [37m"User_email"[0m[37m,[0m [37m"User"[0m[37m.[0m[37m"name"[0m [94mAS[0m [37m"User_name"[0m[37m,[0m [37m"User"[0m[37m.[0m[37m"role"[0m [94mAS[0m [37m"User_role"[0m[37m,[0m [37m"User"[0m[37m.[0m[37m"centerId"[0m [94mAS[0m [37m"User_centerId"[0m[37m,[0m [37m"User"[0m[37m.[0m[37m"settings"[0m [94mAS[0m [37m"User_settings"[0m[37m,[0m [37m"User"[0m[37m.[0m[37m"phone"[0m [94mAS[0m [37m"User_phone"[0m[37m,[0m [37m"User"[0m[37m.[0m[37m"avatar"[0m [94mAS[0m [37m"User_avatar"[0m[37m,[0m [37m"User"[0m[37m.[0m[37m"isActive"[0m [94mAS[0m [37m"User_isActive"[0m[37m,[0m [37m"User"[0m[37m.[0m[37m"lastLogin"[0m [94mAS[0m [37m"User_lastLogin"[0m[37m,[0m [37m"User"[0m[37m.[0m[37m"tokenBalance"[0m [94mAS[0m [37m"User_tokenBalance"[0m[37m,[0m [37m"User"[0m[37m.[0m[37m"deviceToken"[0m [94mAS[0m [37m"User_deviceToken"[0m[37m,[0m [37m"User"[0m[37m.[0m[37m"passwordHash"[0m [94mAS[0m [37m"User_passwordHash"[0m[37m,[0m [37m"User"[0m[37m.[0m[37m"twoFactorEnabled"[0m [94mAS[0m [37m"User_twoFactorEnabled"[0m[37m,[0m [37m"User"[0m[37m.[0m[37m"twoFactorSecret"[0m [94mAS[0m [37m"User_twoFactorSecret"[0m[37m,[0m [37m"User"[0m[37m.[0m[37m"passwordResetToken"[0m [94mAS[0m [37m"User_passwordResetToken"[0m[37m,[0m [37m"User"[0m[37m.[0m[37m"passwordResetExpiresAt"[0m [94mAS[0m [37m"User_passwordResetExpiresAt"[0m[37m,[0m [37m"User"[0m[37m.[0m[37m"emailVerifyToken"[0m [94mAS[0m [37m"User_emailVerifyToken"[0m[37m,[0m [37m"User"[0m[37m.[0m[37m"emailVerifyExpiresAt"[0m [94mAS[0m [37m"User_emailVerifyExpiresAt"[0m[37m,[0m [37m"User"[0m[37m.[0m[37m"emailVerified"[0m [94mAS[0m [37m"User_emailVerified"[0m[37m,[0m [37m"User"[0m[37m.[0m[37m"createdAt"[0m [94mAS[0m [37m"User_createdAt"[0m[37m,[0m [37m"User"[0m[37m.[0m[37m"updatedAt"[0m [94mAS[0m [37m"User_updatedAt"[0m[37m,[0m [37m"User__User_center"[0m[37m.[0m[37m"id"[0m [94mAS[0m [37m"User__User_center_id"[0m[37m,[0m [37m"User__User_center"[0m[37m.[0m[37m"name"[0m [94mAS[0m [37m"User__User_center_name"[0m[37m,[0m [37m"User__User_center"[0m[37m.[0m[37m"locationId"[0m [94mAS[0m [37m"User__User_center_locationId"[0m[37m,[0m [37m"User__User_center"[0m[37m.[0m[37m"status"[0m [94mAS[0m [37m"User__User_center_status"[0m[37m,[0m [37m"User__User_center"[0m[37m.[0m[37m"settings"[0m [94mAS[0m [37m"User__User_center_settings"[0m[37m,[0m [37m"User__User_center"[0m[37m.[0m[37m"owner"[0m [94mAS[0m [37m"User__User_center_owner"[0m[37m,[0m [37m"User__User_center"[0m[37m.[0m[37m"createdAt"[0m [94mAS[0m [37m"User__User_center_createdAt"[0m[37m,[0m [37m"User__User_center"[0m[37m.[0m[37m"updatedAt"[0m [94mAS[0m [37m"User__User_center_updatedAt"[0m [94mFROM[0m [37m"users"[0m [37m"User"[0m [94mLEFT JOIN[0m [37m"centers"[0m [37m"User__User_center"[0m [94mON[0m [37m"User__User_center"[0m[37m.[0m[37m"id"[0m[37m=[0m[37m"User"[0m[37m.[0m[37m"centerId"[0m [94mWHERE[0m [37m([0m[37m([0m[37m"User"[0m[37m.[0m[37m"id"[0m [37m=[0m [37m$[0m[32m1[0m[37m)[0m [94mAND[0m [37m([0m[37m"User"[0m[37m.[0m[37m"isActive"[0m [37m=[0m [37m$[0m[32m2[0m[37m)[0m[37m)[0m[37m)[0m [37m"distinctAlias"[0m [94mORDER BY[0m [37m"User_id"[0m [94mASC[0m [94mLIMIT[0m [32m1[0m [90m-- PARAMETERS: ["7366405b-a7d3-4b39-8876-ee5e64775438",true][0m
[90m[4mquery:[24m[39m [94mSELECT DISTINCT[0m [37m"distinctAlias"[0m[37m.[0m[37m"User_id"[0m [94mAS[0m [37m"ids_User_id"[0m [94mFROM[0m [37m([0m[94mSELECT[0m [37m"User"[0m[37m.[0m[37m"id"[0m [94mAS[0m [37m"User_id"[0m[37m,[0m [37m"User"[0m[37m.[0m[37m"email"[0m [94mAS[0m [37m"User_email"[0m[37m,[0m [37m"User"[0m[37m.[0m[37m"name"[0m [94mAS[0m [37m"User_name"[0m[37m,[0m [37m"User"[0m[37m.[0m[37m"role"[0m [94mAS[0m [37m"User_role"[0m[37m,[0m [37m"User"[0m[37m.[0m[37m"centerId"[0m [94mAS[0m [37m"User_centerId"[0m[37m,[0m [37m"User"[0m[37m.[0m[37m"settings"[0m [94mAS[0m [37m"User_settings"[0m[37m,[0m [37m"User"[0m[37m.[0m[37m"phone"[0m [94mAS[0m [37m"User_phone"[0m[37m,[0m [37m"User"[0m[37m.[0m[37m"avatar"[0m [94mAS[0m [37m"User_avatar"[0m[37m,[0m [37m"User"[0m[37m.[0m[37m"isActive"[0m [94mAS[0m [37m"User_isActive"[0m[37m,[0m [37m"User"[0m[37m.[0m[37m"lastLogin"[0m [94mAS[0m [37m"User_lastLogin"[0m[37m,[0m [37m"User"[0m[37m.[0m[37m"tokenBalance"[0m [94mAS[0m [37m"User_tokenBalance"[0m[37m,[0m [37m"User"[0m[37m.[0m[37m"deviceToken"[0m [94mAS[0m [37m"User_deviceToken"[0m[37m,[0m [37m"User"[0m[37m.[0m[37m"passwordHash"[0m [94mAS[0m [37m"User_passwordHash"[0m[37m,[0m [37m"User"[0m[37m.[0m[37m"twoFactorEnabled"[0m [94mAS[0m [37m"User_twoFactorEnabled"[0m[37m,[0m [37m"User"[0m[37m.[0m[37m"twoFactorSecret"[0m [94mAS[0m [37m"User_twoFactorSecret"[0m[37m,[0m [37m"User"[0m[37m.[0m[37m"passwordResetToken"[0m [94mAS[0m [37m"User_passwordResetToken"[0m[37m,[0m [37m"User"[0m[37m.[0m[37m"passwordResetExpiresAt"[0m [94mAS[0m [37m"User_passwordResetExpiresAt"[0m[37m,[0m [37m"User"[0m[37m.[0m[37m"emailVerifyToken"[0m [94mAS[0m [37m"User_emailVerifyToken"[0m[37m,[0m [37m"User"[0m[37m.[0m[37m"emailVerifyExpiresAt"[0m [94mAS[0m [37m"User_emailVerifyExpiresAt"[0m[37m,[0m [37m"User"[0m[37m.[0m[37m"emailVerified"[0m [94mAS[0m [37m"User_emailVerified"[0m[37m,[0m [37m"User"[0m[37m.[0m[37m"createdAt"[0m [94mAS[0m [37m"User_createdAt"[0m[37m,[0m [37m"User"[0m[37m.[0m[37m"updatedAt"[0m [94mAS[0m [37m"User_updatedAt"[0m[37m,[0m [37m"User__User_center"[0m[37m.[0m[37m"id"[0m [94mAS[0m [37m"User__User_center_id"[0m[37m,[0m [37m"User__User_center"[0m[37m.[0m[37m"name"[0m [94mAS[0m [37m"User__User_center_name"[0m[37m,[0m [37m"User__User_center"[0m[37m.[0m[37m"locationId"[0m [94mAS[0m [37m"User__User_center_locationId"[0m[37m,[0m [37m"User__User_center"[0m[37m.[0m[37m"status"[0m [94mAS[0m [37m"User__User_center_status"[0m[37m,[0m [37m"User__User_center"[0m[37m.[0m[37m"settings"[0m [94mAS[0m [37m"User__User_center_settings"[0m[37m,[0m [37m"User__User_center"[0m[37m.[0m[37m"owner"[0m [94mAS[0m [37m"User__User_center_owner"[0m[37m,[0m [37m"User__User_center"[0m[37m.[0m[37m"createdAt"[0m [94mAS[0m [37m"User__User_center_createdAt"[0m[37m,[0m [37m"User__User_center"[0m[37m.[0m[37m"updatedAt"[0m [94mAS[0m [37m"User__User_center_updatedAt"[0m [94mFROM[0m [37m"users"[0m [37m"User"[0m [94mLEFT JOIN[0m [37m"centers"[0m [37m"User__User_center"[0m [94mON[0m [37m"User__User_center"[0m[37m.[0m[37m"id"[0m[37m=[0m[37m"User"[0m[37m.[0m[37m"centerId"[0m [94mWHERE[0m [37m([0m[37m([0m[37m"User"[0m[37m.[0m[37m"id"[0m [37m=[0m [37m$[0m[32m1[0m[37m)[0m [94mAND[0m [37m([0m[37m"User"[0m[37m.[0m[37m"isActive"[0m [37m=[0m [37m$[0m[32m2[0m[37m)[0m[37m)[0m[37m)[0m [37m"distinctAlias"[0m [94mORDER BY[0m [37m"User_id"[0m [94mASC[0m [94mLIMIT[0m [32m1[0m [90m-- PARAMETERS: ["7366405b-a7d3-4b39-8876-ee5e64775438",true][0m
[90m[4mquery:[24m[39m [94mSELECT[0m [37m"User"[0m[37m.[0m[37m"id"[0m [94mAS[0m [37m"User_id"[0m[37m,[0m [37m"User"[0m[37m.[0m[37m"email"[0m [94mAS[0m [37m"User_email"[0m[37m,[0m [37m"User"[0m[37m.[0m[37m"name"[0m [94mAS[0m [37m"User_name"[0m[37m,[0m [37m"User"[0m[37m.[0m[37m"role"[0m [94mAS[0m [37m"User_role"[0m[37m,[0m [37m"User"[0m[37m.[0m[37m"centerId"[0m [94mAS[0m [37m"User_centerId"[0m[37m,[0m [37m"User"[0m[37m.[0m[37m"settings"[0m [94mAS[0m [37m"User_settings"[0m[37m,[0m [37m"User"[0m[37m.[0m[37m"phone"[0m [94mAS[0m [37m"User_phone"[0m[37m,[0m [37m"User"[0m[37m.[0m[37m"avatar"[0m [94mAS[0m [37m"User_avatar"[0m[37m,[0m [37m"User"[0m[37m.[0m[37m"isActive"[0m [94mAS[0m [37m"User_isActive"[0m[37m,[0m [37m"User"[0m[37m.[0m[37m"lastLogin"[0m [94mAS[0m [37m"User_lastLogin"[0m[37m,[0m [37m"User"[0m[37m.[0m[37m"tokenBalance"[0m [94mAS[0m [37m"User_tokenBalance"[0m[37m,[0m [37m"User"[0m[37m.[0m[37m"deviceToken"[0m [94mAS[0m [37m"User_deviceToken"[0m[37m,[0m [37m"User"[0m[37m.[0m[37m"passwordHash"[0m [94mAS[0m [37m"User_passwordHash"[0m[37m,[0m [37m"User"[0m[37m.[0m[37m"twoFactorEnabled"[0m [94mAS[0m [37m"User_twoFactorEnabled"[0m[37m,[0m [37m"User"[0m[37m.[0m[37m"twoFactorSecret"[0m [94mAS[0m [37m"User_twoFactorSecret"[0m[37m,[0m [37m"User"[0m[37m.[0m[37m"passwordResetToken"[0m [94mAS[0m [37m"User_passwordResetToken"[0m[37m,[0m [37m"User"[0m[37m.[0m[37m"passwordResetExpiresAt"[0m [94mAS[0m [37m"User_passwordResetExpiresAt"[0m[37m,[0m [37m"User"[0m[37m.[0m[37m"emailVerifyToken"[0m [94mAS[0m [37m"User_emailVerifyToken"[0m[37m,[0m [37m"User"[0m[37m.[0m[37m"emailVerifyExpiresAt"[0m [94mAS[0m [37m"User_emailVerifyExpiresAt"[0m[37m,[0m [37m"User"[0m[37m.[0m[37m"emailVerified"[0m [94mAS[0m [37m"User_emailVerified"[0m[37m,[0m [37m"User"[0m[37m.[0m[37m"createdAt"[0m [94mAS[0m [37m"User_createdAt"[0m[37m,[0m [37m"User"[0m[37m.[0m[37m"updatedAt"[0m [94mAS[0m [37m"User_updatedAt"[0m[37m,[0m [37m"User__User_center"[0m[37m.[0m[37m"id"[0m [94mAS[0m [37m"User__User_center_id"[0m[37m,[0m [37m"User__User_center"[0m[37m.[0m[37m"name"[0m [94mAS[0m [37m"User__User_center_name"[0m[37m,[0m [37m"User__User_center"[0m[37m.[0m[37m"locationId"[0m [94mAS[0m [37m"User__User_center_locationId"[0m[37m,[0m [37m"User__User_center"[0m[37m.[0m[37m"status"[0m [94mAS[0m [37m"User__User_center_status"[0m[37m,[0m [37m"User__User_center"[0m[37m.[0m[37m"settings"[0m [94mAS[0m [37m"User__User_center_settings"[0m[37m,[0m [37m"User__User_center"[0m[37m.[0m[37m"owner"[0m [94mAS[0m [37m"User__User_center_owner"[0m[37m,[0m [37m"User__User_center"[0m[37m.[0m[37m"createdAt"[0m [94mAS[0m [37m"User__User_center_createdAt"[0m[37m,[0m [37m"User__User_center"[0m[37m.[0m[37m"updatedAt"[0m [94mAS[0m [37m"User__User_center_updatedAt"[0m [94mFROM[0m [37m"users"[0m [37m"User"[0m [94mLEFT JOIN[0m [37m"centers"[0m [37m"User__User_center"[0m [94mON[0m [37m"User__User_center"[0m[37m.[0m[37m"id"[0m[37m=[0m[37m"User"[0m[37m.[0m[37m"centerId"[0m [94mWHERE[0m [37m([0m [37m([0m[37m([0m[37m"User"[0m[37m.[0m[37m"id"[0m [37m=[0m [37m$[0m[32m1[0m[37m)[0m [94mAND[0m [37m([0m[37m"User"[0m[37m.[0m[37m"isActive"[0m [37m=[0m [37m$[0m[32m2[0m[37m)[0m[37m)[0m [37m)[0m [94mAND[0m [37m([0m [37m"User"[0m[37m.[0m[37m"id"[0m [94mIN[0m [37m([0m[37m$[0m[32m3[0m[37m)[0m [37m)[0m [90m-- PARAMETERS: ["7366405b-a7d3-4b39-8876-ee5e64775438",true,"7366405b-a7d3-4b39-8876-ee5e64775438"][0m
[90m[4mquery:[24m[39m [94mSELECT[0m [37m"User"[0m[37m.[0m[37m"id"[0m [94mAS[0m [37m"User_id"[0m[37m,[0m [37m"User"[0m[37m.[0m[37m"email"[0m [94mAS[0m [37m"User_email"[0m[37m,[0m [37m"User"[0m[37m.[0m[37m"name"[0m [94mAS[0m [37m"User_name"[0m[37m,[0m [37m"User"[0m[37m.[0m[37m"role"[0m [94mAS[0m [37m"User_role"[0m[37m,[0m [37m"User"[0m[37m.[0m[37m"centerId"[0m [94mAS[0m [37m"User_centerId"[0m[37m,[0m [37m"User"[0m[37m.[0m[37m"settings"[0m [94mAS[0m [37m"User_settings"[0m[37m,[0m [37m"User"[0m[37m.[0m[37m"phone"[0m [94mAS[0m [37m"User_phone"[0m[37m,[0m [37m"User"[0m[37m.[0m[37m"avatar"[0m [94mAS[0m [37m"User_avatar"[0m[37m,[0m [37m"User"[0m[37m.[0m[37m"isActive"[0m [94mAS[0m [37m"User_isActive"[0m[37m,[0m [37m"User"[0m[37m.[0m[37m"lastLogin"[0m [94mAS[0m [37m"User_lastLogin"[0m[37m,[0m [37m"User"[0m[37m.[0m[37m"tokenBalance"[0m [94mAS[0m [37m"User_tokenBalance"[0m[37m,[0m [37m"User"[0m[37m.[0m[37m"deviceToken"[0m [94mAS[0m [37m"User_deviceToken"[0m[37m,[0m [37m"User"[0m[37m.[0m[37m"passwordHash"[0m [94mAS[0m [37m"User_passwordHash"[0m[37m,[0m [37m"User"[0m[37m.[0m[37m"twoFactorEnabled"[0m [94mAS[0m [37m"User_twoFactorEnabled"[0m[37m,[0m [37m"User"[0m[37m.[0m[37m"twoFactorSecret"[0m [94mAS[0m [37m"User_twoFactorSecret"[0m[37m,[0m [37m"User"[0m[37m.[0m[37m"passwordResetToken"[0m [94mAS[0m [37m"User_passwordResetToken"[0m[37m,[0m [37m"User"[0m[37m.[0m[37m"passwordResetExpiresAt"[0m [94mAS[0m [37m"User_passwordResetExpiresAt"[0m[37m,[0m [37m"User"[0m[37m.[0m[37m"emailVerifyToken"[0m [94mAS[0m [37m"User_emailVerifyToken"[0m[37m,[0m [37m"User"[0m[37m.[0m[37m"emailVerifyExpiresAt"[0m [94mAS[0m [37m"User_emailVerifyExpiresAt"[0m[37m,[0m [37m"User"[0m[37m.[0m[37m"emailVerified"[0m [94mAS[0m [37m"User_emailVerified"[0m[37m,[0m [37m"User"[0m[37m.[0m[37m"createdAt"[0m [94mAS[0m [37m"User_createdAt"[0m[37m,[0m [37m"User"[0m[37m.[0m[37m"updatedAt"[0m [94mAS[0m [37m"User_updatedAt"[0m[37m,[0m [37m"User__User_center"[0m[37m.[0m[37m"id"[0m [94mAS[0m [37m"User__User_center_id"[0m[37m,[0m [37m"User__User_center"[0m[37m.[0m[37m"name"[0m [94mAS[0m [37m"User__User_center_name"[0m[37m,[0m [37m"User__User_center"[0m[37m.[0m[37m"locationId"[0m [94mAS[0m [37m"User__User_center_locationId"[0m[37m,[0m [37m"User__User_center"[0m[37m.[0m[37m"status"[0m [94mAS[0m [37m"User__User_center_status"[0m[37m,[0m [37m"User__User_center"[0m[37m.[0m[37m"settings"[0m [94mAS[0m [37m"User__User_center_settings"[0m[37m,[0m [37m"User__User_center"[0m[37m.[0m[37m"owner"[0m [94mAS[0m [37m"User__User_center_owner"[0m[37m,[0m [37m"User__User_center"[0m[37m.[0m[37m"createdAt"[0m [94mAS[0m [37m"User__User_center_createdAt"[0m[37m,[0m [37m"User__User_center"[0m[37m.[0m[37m"updatedAt"[0m [94mAS[0m [37m"User__User_center_updatedAt"[0m [94mFROM[0m [37m"users"[0m [37m"User"[0m [94mLEFT JOIN[0m [37m"centers"[0m [37m"User__User_center"[0m [94mON[0m [37m"User__User_center"[0m[37m.[0m[37m"id"[0m[37m=[0m[37m"User"[0m[37m.[0m[37m"centerId"[0m [94mWHERE[0m [37m([0m [37m([0m[37m([0m[37m"User"[0m[37m.[0m[37m"id"[0m [37m=[0m [37m$[0m[32m1[0m[37m)[0m [94mAND[0m [37m([0m[37m"User"[0m[37m.[0m[37m"isActive"[0m [37m=[0m [37m$[0m[32m2[0m[37m)[0m[37m)[0m [37m)[0m [94mAND[0m [37m([0m [37m"User"[0m[37m.[0m[37m"id"[0m [94mIN[0m [37m([0m[37m$[0m[32m3[0m[37m)[0m [37m)[0m [90m-- PARAMETERS: ["7366405b-a7d3-4b39-8876-ee5e64775438",true,"7366405b-a7d3-4b39-8876-ee5e64775438"][0m
[90m[4mquery:[24m[39m [94mSELECT[0m [95mCOUNT[0m[37m([0m[32m1[0m[37m)[0m [94mAS[0m [37m"cnt"[0m [94mFROM[0m [37m"leads"[0m [37m"Lead"[0m
[90m[4mquery:[24m[39m [94mSELECT DISTINCT[0m [37m"distinctAlias"[0m[37m.[0m[37m"User_id"[0m [94mAS[0m [37m"ids_User_id"[0m [94mFROM[0m [37m([0m[94mSELECT[0m [37m"User"[0m[37m.[0m[37m"id"[0m [94mAS[0m [37m"User_id"[0m[37m,[0m [37m"User"[0m[37m.[0m[37m"email"[0m [94mAS[0m [37m"User_email"[0m[37m,[0m [37m"User"[0m[37m.[0m[37m"name"[0m [94mAS[0m [37m"User_name"[0m[37m,[0m [37m"User"[0m[37m.[0m[37m"role"[0m [94mAS[0m [37m"User_role"[0m[37m,[0m [37m"User"[0m[37m.[0m[37m"centerId"[0m [94mAS[0m [37m"User_centerId"[0m[37m,[0m [37m"User"[0m[37m.[0m[37m"settings"[0m [94mAS[0m [37m"User_settings"[0m[37m,[0m [37m"User"[0m[37m.[0m[37m"phone"[0m [94mAS[0m [37m"User_phone"[0m[37m,[0m [37m"User"[0m[37m.[0m[37m"avatar"[0m [94mAS[0m [37m"User_avatar"[0m[37m,[0m [37m"User"[0m[37m.[0m[37m"isActive"[0m [94mAS[0m [37m"User_isActive"[0m[37m,[0m [37m"User"[0m[37m.[0m[37m"lastLogin"[0m [94mAS[0m [37m"User_lastLogin"[0m[37m,[0m [37m"User"[0m[37m.[0m[37m"tokenBalance"[0m [94mAS[0m [37m"User_tokenBalance"[0m[37m,[0m [37m"User"[0m[37m.[0m[37m"deviceToken"[0m [94mAS[0m [37m"User_deviceToken"[0m[37m,[0m [37m"User"[0m[37m.[0m[37m"passwordHash"[0m [94mAS[0m [37m"User_passwordHash"[0m[37m,[0m [37m"User"[0m[37m.[0m[37m"twoFactorEnabled"[0m [94mAS[0m [37m"User_twoFactorEnabled"[0m[37m,[0m [37m"User"[0m[37m.[0m[37m"twoFactorSecret"[0m [94mAS[0m [37m"User_twoFactorSecret"[0m[37m,[0m [37m"User"[0m[37m.[0m[37m"passwordResetToken"[0m [94mAS[0m [37m"User_passwordResetToken"[0m[37m,[0m [37m"User"[0m[37m.[0m[37m"passwordResetExpiresAt"[0m [94mAS[0m [37m"User_passwordResetExpiresAt"[0m[37m,[0m [37m"User"[0m[37m.[0m[37m"emailVerifyToken"[0m [94mAS[0m [37m"User_emailVerifyToken"[0m[37m,[0m [37m"User"[0m[37m.[0m[37m"emailVerifyExpiresAt"[0m [94mAS[0m [37m"User_emailVerifyExpiresAt"[0m[37m,[0m [37m"User"[0m[37m.[0m[37m"emailVerified"[0m [94mAS[0m [37m"User_emailVerified"[0m[37m,[0m [37m"User"[0m[37m.[0m[37m"createdAt"[0m [94mAS[0m [37m"User_createdAt"[0m[37m,[0m [37m"User"[0m[37m.[0m[37m"updatedAt"[0m [94mAS[0m [37m"User_updatedAt"[0m[37m,[0m [37m"User__User_center"[0m[37m.[0m[37m"id"[0m [94mAS[0m [37m"User__User_center_id"[0m[37m,[0m [37m"User__User_center"[0m[37m.[0m[37m"name"[0m [94mAS[0m [37m"User__User_center_name"[0m[37m,[0m [37m"User__User_center"[0m[37m.[0m[37m"locationId"[0m [94mAS[0m [37m"User__User_center_locationId"[0m[37m,[0m [37m"User__User_center"[0m[37m.[0m[37m"status"[0m [94mAS[0m [37m"User__User_center_status"[0m[37m,[0m [37m"User__User_center"[0m[37m.[0m[37m"settings"[0m [94mAS[0m [37m"User__User_center_settings"[0m[37m,[0m [37m"User__User_center"[0m[37m.[0m[37m"owner"[0m [94mAS[0m [37m"User__User_center_owner"[0m[37m,[0m [37m"User__User_center"[0m[37m.[0m[37m"createdAt"[0m [94mAS[0m [37m"User__User_center_createdAt"[0m[37m,[0m [37m"User__User_center"[0m[37m.[0m[37m"updatedAt"[0m [94mAS[0m [37m"User__User_center_updatedAt"[0m [94mFROM[0m [37m"users"[0m [37m"User"[0m [94mLEFT JOIN[0m [37m"centers"[0m [37m"User__User_center"[0m [94mON[0m [37m"User__User_center"[0m[37m.[0m[37m"id"[0m[37m=[0m[37m"User"[0m[37m.[0m[37m"centerId"[0m [94mWHERE[0m [37m([0m[37m([0m[37m"User"[0m[37m.[0m[37m"id"[0m [37m=[0m [37m$[0m[32m1[0m[37m)[0m [94mAND[0m [37m([0m[37m"User"[0m[37m.[0m[37m"isActive"[0m [37m=[0m [37m$[0m[32m2[0m[37m)[0m[37m)[0m[37m)[0m [37m"distinctAlias"[0m [94mORDER BY[0m [37m"User_id"[0m [94mASC[0m [94mLIMIT[0m [32m1[0m [90m-- PARAMETERS: ["7366405b-a7d3-4b39-8876-ee5e64775438",true][0m
[90m[4mquery:[24m[39m [94mSELECT DISTINCT[0m [37m"distinctAlias"[0m[37m.[0m[37m"User_id"[0m [94mAS[0m [37m"ids_User_id"[0m [94mFROM[0m [37m([0m[94mSELECT[0m [37m"User"[0m[37m.[0m[37m"id"[0m [94mAS[0m [37m"User_id"[0m[37m,[0m [37m"User"[0m[37m.[0m[37m"email"[0m [94mAS[0m [37m"User_email"[0m[37m,[0m [37m"User"[0m[37m.[0m[37m"name"[0m [94mAS[0m [37m"User_name"[0m[37m,[0m [37m"User"[0m[37m.[0m[37m"role"[0m [94mAS[0m [37m"User_role"[0m[37m,[0m [37m"User"[0m[37m.[0m[37m"centerId"[0m [94mAS[0m [37m"User_centerId"[0m[37m,[0m [37m"User"[0m[37m.[0m[37m"settings"[0m [94mAS[0m [37m"User_settings"[0m[37m,[0m [37m"User"[0m[37m.[0m[37m"phone"[0m [94mAS[0m [37m"User_phone"[0m[37m,[0m [37m"User"[0m[37m.[0m[37m"avatar"[0m [94mAS[0m [37m"User_avatar"[0m[37m,[0m [37m"User"[0m[37m.[0m[37m"isActive"[0m [94mAS[0m [37m"User_isActive"[0m[37m,[0m [37m"User"[0m[37m.[0m[37m"lastLogin"[0m [94mAS[0m [37m"User_lastLogin"[0m[37m,[0m [37m"User"[0m[37m.[0m[37m"tokenBalance"[0m [94mAS[0m [37m"User_tokenBalance"[0m[37m,[0m [37m"User"[0m[37m.[0m[37m"deviceToken"[0m [94mAS[0m [37m"User_deviceToken"[0m[37m,[0m [37m"User"[0m[37m.[0m[37m"passwordHash"[0m [94mAS[0m [37m"User_passwordHash"[0m[37m,[0m [37m"User"[0m[37m.[0m[37m"twoFactorEnabled"[0m [94mAS[0m [37m"User_twoFactorEnabled"[0m[37m,[0m [37m"User"[0m[37m.[0m[37m"twoFactorSecret"[0m [94mAS[0m [37m"User_twoFactorSecret"[0m[37m,[0m [37m"User"[0m[37m.[0m[37m"passwordResetToken"[0m [94mAS[0m [37m"User_passwordResetToken"[0m[37m,[0m [37m"User"[0m[37m.[0m[37m"passwordResetExpiresAt"[0m [94mAS[0m [37m"User_passwordResetExpiresAt"[0m[37m,[0m [37m"User"[0m[37m.[0m[37m"emailVerifyToken"[0m [94mAS[0m [37m"User_emailVerifyToken"[0m[37m,[0m [37m"User"[0m[37m.[0m[37m"emailVerifyExpiresAt"[0m [94mAS[0m [37m"User_emailVerifyExpiresAt"[0m[37m,[0m [37m"User"[0m[37m.[0m[37m"emailVerified"[0m [94mAS[0m [37m"User_emailVerified"[0m[37m,[0m [37m"User"[0m[37m.[0m[37m"createdAt"[0m [94mAS[0m [37m"User_createdAt"[0m[37m,[0m [37m"User"[0m[37m.[0m[37m"updatedAt"[0m [94mAS[0m [37m"User_updatedAt"[0m[37m,[0m [37m"User__User_center"[0m[37m.[0m[37m"id"[0m [94mAS[0m [37m"User__User_center_id"[0m[37m,[0m [37m"User__User_center"[0m[37m.[0m[37m"name"[0m [94mAS[0m [37m"User__User_center_name"[0m[37m,[0m [37m"User__User_center"[0m[37m.[0m[37m"locationId"[0m [94mAS[0m [37m"User__User_center_locationId"[0m[37m,[0m [37m"User__User_center"[0m[37m.[0m[37m"status"[0m [94mAS[0m [37m"User__User_center_status"[0m[37m,[0m [37m"User__User_center"[0m[37m.[0m[37m"settings"[0m [94mAS[0m [37m"User__User_center_settings"[0m[37m,[0m [37m"User__User_center"[0m[37m.[0m[37m"owner"[0m [94mAS[0m [37m"User__User_center_owner"[0m[37m,[0m [37m"User__User_center"[0m[37m.[0m[37m"createdAt"[0m [94mAS[0m [37m"User__User_center_createdAt"[0m[37m,[0m [37m"User__User_center"[0m[37m.[0m[37m"updatedAt"[0m [94mAS[0m [37m"User__User_center_updatedAt"[0m [94mFROM[0m [37m"users"[0m [37m"User"[0m [94mLEFT JOIN[0m [37m"centers"[0m [37m"User__User_center"[0m [94mON[0m [37m"User__User_center"[0m[37m.[0m[37m"id"[0m[37m=[0m[37m"User"[0m[37m.[0m[37m"centerId"[0m [94mWHERE[0m [37m([0m[37m([0m[37m"User"[0m[37m.[0m[37m"id"[0m [37m=[0m [37m$[0m[32m1[0m[37m)[0m [94mAND[0m [37m([0m[37m"User"[0m[37m.[0m[37m"isActive"[0m [37m=[0m [37m$[0m[32m2[0m[37m)[0m[37m)[0m[37m)[0m [37m"distinctAlias"[0m [94mORDER BY[0m [37m"User_id"[0m [94mASC[0m [94mLIMIT[0m [32m1[0m [90m-- PARAMETERS: ["7366405b-a7d3-4b39-8876-ee5e64775438",true][0m
[90m[4mquery:[24m[39m [94mSELECT[0m [37m"User"[0m[37m.[0m[37m"id"[0m [94mAS[0m [37m"User_id"[0m[37m,[0m [37m"User"[0m[37m.[0m[37m"email"[0m [94mAS[0m [37m"User_email"[0m[37m,[0m [37m"User"[0m[37m.[0m[37m"name"[0m [94mAS[0m [37m"User_name"[0m[37m,[0m [37m"User"[0m[37m.[0m[37m"role"[0m [94mAS[0m [37m"User_role"[0m[37m,[0m [37m"User"[0m[37m.[0m[37m"centerId"[0m [94mAS[0m [37m"User_centerId"[0m[37m,[0m [37m"User"[0m[37m.[0m[37m"settings"[0m [94mAS[0m [37m"User_settings"[0m[37m,[0m [37m"User"[0m[37m.[0m[37m"phone"[0m [94mAS[0m [37m"User_phone"[0m[37m,[0m [37m"User"[0m[37m.[0m[37m"avatar"[0m [94mAS[0m [37m"User_avatar"[0m[37m,[0m [37m"User"[0m[37m.[0m[37m"isActive"[0m [94mAS[0m [37m"User_isActive"[0m[37m,[0m [37m"User"[0m[37m.[0m[37m"lastLogin"[0m [94mAS[0m [37m"User_lastLogin"[0m[37m,[0m [37m"User"[0m[37m.[0m[37m"tokenBalance"[0m [94mAS[0m [37m"User_tokenBalance"[0m[37m,[0m [37m"User"[0m[37m.[0m[37m"deviceToken"[0m [94mAS[0m [37m"User_deviceToken"[0m[37m,[0m [37m"User"[0m[37m.[0m[37m"passwordHash"[0m [94mAS[0m [37m"User_passwordHash"[0m[37m,[0m [37m"User"[0m[37m.[0m[37m"twoFactorEnabled"[0m [94mAS[0m [37m"User_twoFactorEnabled"[0m[37m,[0m [37m"User"[0m[37m.[0m[37m"twoFactorSecret"[0m [94mAS[0m [37m"User_twoFactorSecret"[0m[37m,[0m [37m"User"[0m[37m.[0m[37m"passwordResetToken"[0m [94mAS[0m [37m"User_passwordResetToken"[0m[37m,[0m [37m"User"[0m[37m.[0m[37m"passwordResetExpiresAt"[0m [94mAS[0m [37m"User_passwordResetExpiresAt"[0m[37m,[0m [37m"User"[0m[37m.[0m[37m"emailVerifyToken"[0m [94mAS[0m [37m"User_emailVerifyToken"[0m[37m,[0m [37m"User"[0m[37m.[0m[37m"emailVerifyExpiresAt"[0m [94mAS[0m [37m"User_emailVerifyExpiresAt"[0m[37m,[0m [37m"User"[0m[37m.[0m[37m"emailVerified"[0m [94mAS[0m [37m"User_emailVerified"[0m[37m,[0m [37m"User"[0m[37m.[0m[37m"createdAt"[0m [94mAS[0m [37m"User_createdAt"[0m[37m,[0m [37m"User"[0m[37m.[0m[37m"updatedAt"[0m [94mAS[0m [37m"User_updatedAt"[0m[37m,[0m [37m"User__User_center"[0m[37m.[0m[37m"id"[0m [94mAS[0m [37m"User__User_center_id"[0m[37m,[0m [37m"User__User_center"[0m[37m.[0m[37m"name"[0m [94mAS[0m [37m"User__User_center_name"[0m[37m,[0m [37m"User__User_center"[0m[37m.[0m[37m"locationId"[0m [94mAS[0m [37m"User__User_center_locationId"[0m[37m,[0m [37m"User__User_center"[0m[37m.[0m[37m"status"[0m [94mAS[0m [37m"User__User_center_status"[0m[37m,[0m [37m"User__User_center"[0m[37m.[0m[37m"settings"[0m [94mAS[0m [37m"User__User_center_settings"[0m[37m,[0m [37m"User__User_center"[0m[37m.[0m[37m"owner"[0m [94mAS[0m [37m"User__User_center_owner"[0m[37m,[0m [37m"User__User_center"[0m[37m.[0m[37m"createdAt"[0m [94mAS[0m [37m"User__User_center_createdAt"[0m[37m,[0m [37m"User__User_center"[0m[37m.[0m[37m"updatedAt"[0m [94mAS[0m [37m"User__User_center_updatedAt"[0m [94mFROM[0m [37m"users"[0m [37m"User"[0m [94mLEFT JOIN[0m [37m"centers"[0m [37m"User__User_center"[0m [94mON[0m [37m"User__User_center"[0m[37m.[0m[37m"id"[0m[37m=[0m[37m"User"[0m[37m.[0m[37m"centerId"[0m [94mWHERE[0m [37m([0m [37m([0m[37m([0m[37m"User"[0m[37m.[0m[37m"id"[0m [37m=[0m [37m$[0m[32m1[0m[37m)[0m [94mAND[0m [37m([0m[37m"User"[0m[37m.[0m[37m"isActive"[0m [37m=[0m [37m$[0m[32m2[0m[37m)[0m[37m)[0m [37m)[0m [94mAND[0m [37m([0m [37m"User"[0m[37m.[0m[37m"id"[0m [94mIN[0m [37m([0m[37m$[0m[32m3[0m[37m)[0m [37m)[0m [90m-- PARAMETERS: ["7366405b-a7d3-4b39-8876-ee5e64775438",true,"7366405b-a7d3-4b39-8876-ee5e64775438"][0m
[90m[4mquery:[24m[39m [94mSELECT DISTINCT[0m [37m"distinctAlias"[0m[37m.[0m[37m"User_id"[0m [94mAS[0m [37m"ids_User_id"[0m [94mFROM[0m [37m([0m[94mSELECT[0m [37m"User"[0m[37m.[0m[37m"id"[0m [94mAS[0m [37m"User_id"[0m[37m,[0m [37m"User"[0m[37m.[0m[37m"email"[0m [94mAS[0m [37m"User_email"[0m[37m,[0m [37m"User"[0m[37m.[0m[37m"name"[0m [94mAS[0m [37m"User_name"[0m[37m,[0m [37m"User"[0m[37m.[0m[37m"role"[0m [94mAS[0m [37m"User_role"[0m[37m,[0m [37m"User"[0m[37m.[0m[37m"centerId"[0m [94mAS[0m [37m"User_centerId"[0m[37m,[0m [37m"User"[0m[37m.[0m[37m"settings"[0m [94mAS[0m [37m"User_settings"[0m[37m,[0m [37m"User"[0m[37m.[0m[37m"phone"[0m [94mAS[0m [37m"User_phone"[0m[37m,[0m [37m"User"[0m[37m.[0m[37m"avatar"[0m [94mAS[0m [37m"User_avatar"[0m[37m,[0m [37m"User"[0m[37m.[0m[37m"isActive"[0m [94mAS[0m [37m"User_isActive"[0m[37m,[0m [37m"User"[0m[37m.[0m[37m"lastLogin"[0m [94mAS[0m [37m"User_lastLogin"[0m[37m,[0m [37m"User"[0m[37m.[0m[37m"tokenBalance"[0m [94mAS[0m [37m"User_tokenBalance"[0m[37m,[0m [37m"User"[0m[37m.[0m[37m"deviceToken"[0m [94mAS[0m [37m"User_deviceToken"[0m[37m,[0m [37m"User"[0m[37m.[0m[37m"passwordHash"[0m [94mAS[0m [37m"User_passwordHash"[0m[37m,[0m [37m"User"[0m[37m.[0m[37m"twoFactorEnabled"[0m [94mAS[0m [37m"User_twoFactorEnabled"[0m[37m,[0m [37m"User"[0m[37m.[0m[37m"twoFactorSecret"[0m [94mAS[0m [37m"User_twoFactorSecret"[0m[37m,[0m [37m"User"[0m[37m.[0m[37m"passwordResetToken"[0m [94mAS[0m [37m"User_passwordResetToken"[0m[37m,[0m [37m"User"[0m[37m.[0m[37m"passwordResetExpiresAt"[0m [94mAS[0m [37m"User_passwordResetExpiresAt"[0m[37m,[0m [37m"User"[0m[37m.[0m[37m"emailVerifyToken"[0m [94mAS[0m [37m"User_emailVerifyToken"[0m[37m,[0m [37m"User"[0m[37m.[0m[37m"emailVerifyExpiresAt"[0m [94mAS[0m [37m"User_emailVerifyExpiresAt"[0m[37m,[0m [37m"User"[0m[37m.[0m[37m"emailVerified"[0m [94mAS[0m [37m"User_emailVerified"[0m[37m,[0m [37m"User"[0m[37m.[0m[37m"createdAt"[0m [94mAS[0m [37m"User_createdAt"[0m[37m,[0m [37m"User"[0m[37m.[0m[37m"updatedAt"[0m [94mAS[0m [37m"User_updatedAt"[0m[37m,[0m [37m"User__User_center"[0m[37m.[0m[37m"id"[0m [94mAS[0m [37m"User__User_center_id"[0m[37m,[0m [37m"User__User_center"[0m[37m.[0m[37m"name"[0m [94mAS[0m [37m"User__User_center_name"[0m[37m,[0m [37m"User__User_center"[0m[37m.[0m[37m"locationId"[0m [94mAS[0m [37m"User__User_center_locationId"[0m[37m,[0m [37m"User__User_center"[0m[37m.[0m[37m"status"[0m [94mAS[0m [37m"User__User_center_status"[0m[37m,[0m [37m"User__User_center"[0m[37m.[0m[37m"settings"[0m [94mAS[0m [37m"User__User_center_settings"[0m[37m,[0m [37m"User__User_center"[0m[37m.[0m[37m"owner"[0m [94mAS[0m [37m"User__User_center_owner"[0m[37m,[0m [37m"User__User_center"[0m[37m.[0m[37m"createdAt"[0m [94mAS[0m [37m"User__User_center_createdAt"[0m[37m,[0m [37m"User__User_center"[0m[37m.[0m[37m"updatedAt"[0m [94mAS[0m [37m"User__User_center_updatedAt"[0m [94mFROM[0m [37m"users"[0m [37m"User"[0m [94mLEFT JOIN[0m [37m"centers"[0m [37m"User__User_center"[0m [94mON[0m [37m"User__User_center"[0m[37m.[0m[37m"id"[0m[37m=[0m[37m"User"[0m[37m.[0m[37m"centerId"[0m [94mWHERE[0m [37m([0m[37m([0m[37m"User"[0m[37m.[0m[37m"id"[0m [37m=[0m [37m$[0m[32m1[0m[37m)[0m [94mAND[0m [37m([0m[37m"User"[0m[37m.[0m[37m"isActive"[0m [37m=[0m [37m$[0m[32m2[0m[37m)[0m[37m)[0m[37m)[0m [37m"distinctAlias"[0m [94mORDER BY[0m [37m"User_id"[0m [94mASC[0m [94mLIMIT[0m [32m1[0m [90m-- PARAMETERS: ["7366405b-a7d3-4b39-8876-ee5e64775438",true][0m
[90m[4mquery:[24m[39m [94mSELECT[0m [37m"User"[0m[37m.[0m[37m"id"[0m [94mAS[0m [37m"User_id"[0m[37m,[0m [37m"User"[0m[37m.[0m[37m"email"[0m [94mAS[0m [37m"User_email"[0m[37m,[0m [37m"User"[0m[37m.[0m[37m"name"[0m [94mAS[0m [37m"User_name"[0m[37m,[0m [37m"User"[0m[37m.[0m[37m"role"[0m [94mAS[0m [37m"User_role"[0m[37m,[0m [37m"User"[0m[37m.[0m[37m"centerId"[0m [94mAS[0m [37m"User_centerId"[0m[37m,[0m [37m"User"[0m[37m.[0m[37m"settings"[0m [94mAS[0m [37m"User_settings"[0m[37m,[0m [37m"User"[0m[37m.[0m[37m"phone"[0m [94mAS[0m [37m"User_phone"[0m[37m,[0m [37m"User"[0m[37m.[0m[37m"avatar"[0m [94mAS[0m [37m"User_avatar"[0m[37m,[0m [37m"User"[0m[37m.[0m[37m"isActive"[0m [94mAS[0m [37m"User_isActive"[0m[37m,[0m [37m"User"[0m[37m.[0m[37m"lastLogin"[0m [94mAS[0m [37m"User_lastLogin"[0m[37m,[0m [37m"User"[0m[37m.[0m[37m"tokenBalance"[0m [94mAS[0m [37m"User_tokenBalance"[0m[37m,[0m [37m"User"[0m[37m.[0m[37m"deviceToken"[0m [94mAS[0m [37m"User_deviceToken"[0m[37m,[0m [37m"User"[0m[37m.[0m[37m"passwordHash"[0m [94mAS[0m [37m"User_passwordHash"[0m[37m,[0m [37m"User"[0m[37m.[0m[37m"twoFactorEnabled"[0m [94mAS[0m [37m"User_twoFactorEnabled"[0m[37m,[0m [37m"User"[0m[37m.[0m[37m"twoFactorSecret"[0m [94mAS[0m [37m"User_twoFactorSecret"[0m[37m,[0m [37m"User"[0m[37m.[0m[37m"passwordResetToken"[0m [94mAS[0m [37m"User_passwordResetToken"[0m[37m,[0m [37m"User"[0m[37m.[0m[37m"passwordResetExpiresAt"[0m [94mAS[0m [37m"User_passwordResetExpiresAt"[0m[37m,[0m [37m"User"[0m[37m.[0m[37m"emailVerifyToken"[0m [94mAS[0m [37m"User_emailVerifyToken"[0m[37m,[0m [37m"User"[0m[37m.[0m[37m"emailVerifyExpiresAt"[0m [94mAS[0m [37m"User_emailVerifyExpiresAt"[0m[37m,[0m [37m"User"[0m[37m.[0m[37m"emailVerified"[0m [94mAS[0m [37m"User_emailVerified"[0m[37m,[0m [37m"User"[0m[37m.[0m[37m"createdAt"[0m [94mAS[0m [37m"User_createdAt"[0m[37m,[0m [37m"User"[0m[37m.[0m[37m"updatedAt"[0m [94mAS[0m [37m"User_updatedAt"[0m[37m,[0m [37m"User__User_center"[0m[37m.[0m[37m"id"[0m [94mAS[0m [37m"User__User_center_id"[0m[37m,[0m [37m"User__User_center"[0m[37m.[0m[37m"name"[0m [94mAS[0m [37m"User__User_center_name"[0m[37m,[0m [37m"User__User_center"[0m[37m.[0m[37m"locationId"[0m [94mAS[0m [37m"User__User_center_locationId"[0m[37m,[0m [37m"User__User_center"[0m[37m.[0m[37m"status"[0m [94mAS[0m [37m"User__User_center_status"[0m[37m,[0m [37m"User__User_center"[0m[37m.[0m[37m"settings"[0m [94mAS[0m [37m"User__User_center_settings"[0m[37m,[0m [37m"User__User_center"[0m[37m.[0m[37m"owner"[0m [94mAS[0m [37m"User__User_center_owner"[0m[37m,[0m [37m"User__User_center"[0m[37m.[0m[37m"createdAt"[0m [94mAS[0m [37m"User__User_center_createdAt"[0m[37m,[0m [37m"User__User_center"[0m[37m.[0m[37m"updatedAt"[0m [94mAS[0m [37m"User__User_center_updatedAt"[0m [94mFROM[0m [37m"users"[0m [37m"User"[0m [94mLEFT JOIN[0m [37m"centers"[0m [37m"User__User_center"[0m [94mON[0m [37m"User__User_center"[0m[37m.[0m[37m"id"[0m[37m=[0m[37m"User"[0m[37m.[0m[37m"centerId"[0m [94mWHERE[0m [37m([0m [37m([0m[37m([0m[37m"User"[0m[37m.[0m[37m"id"[0m [37m=[0m [37m$[0m[32m1[0m[37m)[0m [94mAND[0m [37m([0m[37m"User"[0m[37m.[0m[37m"isActive"[0m [37m=[0m [37m$[0m[32m2[0m[37m)[0m[37m)[0m [37m)[0m [94mAND[0m [37m([0m [37m"User"[0m[37m.[0m[37m"id"[0m [94mIN[0m [37m([0m[37m$[0m[32m3[0m[37m)[0m [37m)[0m [90m-- PARAMETERS: ["7366405b-a7d3-4b39-8876-ee5e64775438",true,"7366405b-a7d3-4b39-8876-ee5e64775438"][0m
[90m[4mquery:[24m[39m [94mSELECT DISTINCT[0m [37m"distinctAlias"[0m[37m.[0m[37m"MeetingRoom_id"[0m [94mAS[0m [37m"ids_MeetingRoom_id"[0m[37m,[0m [37m"distinctAlias"[0m[37m.[0m[37m"MeetingRoom_name"[0m [94mFROM[0m [37m([0m[94mSELECT[0m [37m"MeetingRoom"[0m[37m.[0m[37m"id"[0m [94mAS[0m [37m"MeetingRoom_id"[0m[37m,[0m [37m"MeetingRoom"[0m[37m.[0m[37m"centerId"[0m [94mAS[0m [37m"MeetingRoom_centerId"[0m[37m,[0m [37m"MeetingRoom"[0m[37m.[0m[37m"floorId"[0m [94mAS[0m [37m"MeetingRoom_floorId"[0m[37m,[0m [37m"MeetingRoom"[0m[37m.[0m[37m"name"[0m [94mAS[0m [37m"MeetingRoom_name"[0m[37m,[0m [37m"MeetingRoom"[0m[37m.[0m[37m"roomType"[0m [94mAS[0m [37m"MeetingRoom_roomType"[0m[37m,[0m [37m"MeetingRoom"[0m[37m.[0m[37m"capacity"[0m [94mAS[0m [37m"MeetingRoom_capacity"[0m[37m,[0m [37m"MeetingRoom"[0m[37m.[0m[37m"status"[0m [94mAS[0m [37m"MeetingRoom_status"[0m[37m,[0m [37m"MeetingRoom"[0m[37m.[0m[37m"locationName"[0m [94mAS[0m [37m"MeetingRoom_locationName"[0m[37m,[0m [37m"MeetingRoom"[0m[37m.[0m[37m"locationFullAddress"[0m [94mAS[0m [37m"MeetingRoom_locationFullAddress"[0m[37m,[0m [37m"MeetingRoom"[0m[37m.[0m[37m"minBookingDuration"[0m [94mAS[0m [37m"MeetingRoom_minBookingDuration"[0m[37m,[0m [37m"MeetingRoom"[0m[37m.[0m[37m"maxBookingDuration"[0m [94mAS[0m [37m"MeetingRoom_maxBookingDuration"[0m[37m,[0m [37m"MeetingRoom"[0m[37m.[0m[37m"amenities"[0m [94mAS[0m [37m"MeetingRoom_amenities"[0m[37m,[0m [37m"MeetingRoom"[0m[37m.[0m[37m"hourlyRate"[0m [94mAS[0m [37m"MeetingRoom_hourlyRate"[0m[37m,[0m [37m"MeetingRoom"[0m[37m.[0m[37m"active"[0m [94mAS[0m [37m"MeetingRoom_active"[0m[37m,[0m [37m"MeetingRoom"[0m[37m.[0m[37m"createdAt"[0m [94mAS[0m [37m"MeetingRoom_createdAt"[0m[37m,[0m [37m"MeetingRoom"[0m[37m.[0m[37m"updatedAt"[0m [94mAS[0m [37m"MeetingRoom_updatedAt"[0m[37m,[0m [37m"MeetingRoom__MeetingRoom_center"[0m[37m.[0m[37m"id"[0m [94mAS[0m [37m"MeetingRoom__MeetingRoom_center_id"[0m[37m,[0m [37m"MeetingRoom__MeetingRoom_center"[0m[37m.[0m[37m"name"[0m [94mAS[0m [37m"MeetingRoom__MeetingRoom_center_name"[0m[37m,[0m [37m"MeetingRoom__MeetingRoom_center"[0m[37m.[0m[37m"locationId"[0m [94mAS[0m [37m"MeetingRoom__MeetingRoom_center_locationId"[0m[37m,[0m [37m"MeetingRoom__MeetingRoom_center"[0m[37m.[0m[37m"status"[0m [94mAS[0m [37m"MeetingRoom__MeetingRoom_center_status"[0m[37m,[0m [37m"MeetingRoom__MeetingRoom_center"[0m[37m.[0m[37m"settings"[0m [94mAS[0m [37m"MeetingRoom__MeetingRoom_center_settings"[0m[37m,[0m [37m"MeetingRoom__MeetingRoom_center"[0m[37m.[0m[37m"owner"[0m [94mAS[0m [37m"MeetingRoom__MeetingRoom_center_owner"[0m[37m,[0m [37m"MeetingRoom__MeetingRoom_center"[0m[37m.[0m[37m"createdAt"[0m [94mAS[0m [37m"MeetingRoom__MeetingRoom_center_createdAt"[0m[37m,[0m [37m"MeetingRoom__MeetingRoom_center"[0m[37m.[0m[37m"updatedAt"[0m [94mAS[0m [37m"MeetingRoom__MeetingRoom_center_updatedAt"[0m [94mFROM[0m [37m"meeting_rooms"[0m [37m"MeetingRoom"[0m [94mLEFT JOIN[0m [37m"centers"[0m [37m"MeetingRoom__MeetingRoom_center"[0m [94mON[0m [37m"MeetingRoom__MeetingRoom_center"[0m[37m.[0m[37m"id"[0m[37m=[0m[37m"MeetingRoom"[0m[37m.[0m[37m"centerId"[0m [94mWHERE[0m [37m([0m[37m([0m[37m"MeetingRoom"[0m[37m.[0m[37m"active"[0m [37m=[0m [37m$[0m[32m1[0m[37m)[0m[37m)[0m[37m)[0m [37m"distinctAlias"[0m [94mORDER BY[0m [37m"distinctAlias"[0m[37m.[0m[37m"MeetingRoom_name"[0m [94mASC[0m[37m,[0m [37m"MeetingRoom_id"[0m [94mASC[0m [94mLIMIT[0m [32m50[0m [37mOFFSET[0m [32m0[0m [90m-- PARAMETERS: [true][0m
[90m[4mquery:[24m[39m [94mSELECT DISTINCT[0m [37m"distinctAlias"[0m[37m.[0m[37m"Event_id"[0m [94mAS[0m [37m"ids_Event_id"[0m[37m,[0m [37m"distinctAlias"[0m[37m.[0m[37m"Event_eventDate"[0m[37m,[0m [37m"distinctAlias"[0m[37m.[0m[37m"Event_startTime"[0m [94mFROM[0m [37m([0m[94mSELECT[0m [37m"Event"[0m[37m.[0m[37m"id"[0m [94mAS[0m [37m"Event_id"[0m[37m,[0m [37m"Event"[0m[37m.[0m[37m"centerId"[0m [94mAS[0m [37m"Event_centerId"[0m[37m,[0m [37m"Event"[0m[37m.[0m[37m"meetingRoomId"[0m [94mAS[0m [37m"Event_meetingRoomId"[0m[37m,[0m [37m"Event"[0m[37m.[0m[37m"requestedById"[0m [94mAS[0m [37m"Event_requestedById"[0m[37m,[0m [37m"Event"[0m[37m.[0m[37m"recurringBookingId"[0m [94mAS[0m [37m"Event_recurringBookingId"[0m[37m,[0m [37m"Event"[0m[37m.[0m[37m"title"[0m [94mAS[0m [37m"Event_title"[0m[37m,[0m [37m"Event"[0m[37m.[0m[37m"description"[0m [94mAS[0m [37m"Event_description"[0m[37m,[0m [37m"Event"[0m[37m.[0m[37m"company"[0m [94mAS[0m [37m"Event_company"[0m[37m,[0m [37m"Event"[0m[37m.[0m[37m"eventDate"[0m [94mAS[0m [37m"Event_eventDate"[0m[37m,[0m [37m"Event"[0m[37m.[0m[37m"startTime"[0m [94mAS[0m [37m"Event_startTime"[0m[37m,[0m [37m"Event"[0m[37m.[0m[37m"endTime"[0m [94mAS[0m [37m"Event_endTime"[0m[37m,[0m [37m"Event"[0m[37m.[0m[37m"durationMinutes"[0m [94mAS[0m [37m"Event_durationMinutes"[0m[37m,[0m [37m"Event"[0m[37m.[0m[37m"attendeesCount"[0m [94mAS[0m [37m"Event_attendeesCount"[0m[37m,[0m [37m"Event"[0m[37m.[0m[37m"eventType"[0m [94mAS[0m [37m"Event_eventType"[0m[37m,[0m [37m"Event"[0m[37m.[0m[37m"status"[0m [94mAS[0m [37m"Event_status"[0m[37m,[0m [37m"Event"[0m[37m.[0m[37m"specialRequests"[0m [94mAS[0m [37m"Event_specialRequests"[0m[37m,[0m [37m"Event"[0m[37m.[0m[37m"addons"[0m [94mAS[0m [37m"Event_addons"[0m[37m,[0m [37m"Event"[0m[37m.[0m[37m"cost"[0m [94mAS[0m [37m"Event_cost"[0m[37m,[0m [37m"Event"[0m[37m.[0m[37m"notes"[0m [94mAS[0m [37m"Event_notes"[0m[37m,[0m [37m"Event"[0m[37m.[0m[37m"createdAt"[0m [94mAS[0m [37m"Event_createdAt"[0m[37m,[0m [37m"Event"[0m[37m.[0m[37m"updatedAt"[0m [94mAS[0m [37m"Event_updatedAt"[0m[37m,[0m [37m"Event__Event_center"[0m[37m.[0m[37m"id"[0m [94mAS[0m [37m"Event__Event_center_id"[0m[37m,[0m [37m"Event__Event_center"[0m[37m.[0m[37m"name"[0m [94mAS[0m [37m"Event__Event_center_name"[0m[37m,[0m [37m"Event__Event_center"[0m[37m.[0m[37m"locationId"[0m [94mAS[0m [37m"Event__Event_center_locationId"[0m[37m,[0m [37m"Event__Event_center"[0m[37m.[0m[37m"status"[0m [94mAS[0m [37m"Event__Event_center_status"[0m[37m,[0m [37m"Event__Event_center"[0m[37m.[0m[37m"settings"[0m [94mAS[0m [37m"Event__Event_center_settings"[0m[37m,[0m [37m"Event__Event_center"[0m[37m.[0m[37m"owner"[0m [94mAS[0m [37m"Event__Event_center_owner"[0m[37m,[0m [37m"Event__Event_center"[0m[37m.[0m[37m"createdAt"[0m [94mAS[0m [37m"Event__Event_center_createdAt"[0m[37m,[0m [37m"Event__Event_center"[0m[37m.[0m[37m"updatedAt"[0m [94mAS[0m [37m"Event__Event_center_updatedAt"[0m[37m,[0m [37m"Event__Event_meetingRoom"[0m[37m.[0m[37m"id"[0m [94mAS[0m [37m"Event__Event_meetingRoom_id"[0m[37m,[0m [37m"Event__Event_meetingRoom"[0m[37m.[0m[37m"centerId"[0m [94mAS[0m [37m"Event__Event_meetingRoom_centerId"[0m[37m,[0m [37m"Event__Event_meetingRoom"[0m[37m.[0m[37m"floorId"[0m [94mAS[0m [37m"Event__Event_meetingRoom_floorId"[0m[37m,[0m [37m"Event__Event_meetingRoom"[0m[37m.[0m[37m"name"[0m [94mAS[0m [37m"Event__Event_meetingRoom_name"[0m[37m,[0m [37m"Event__Event_meetingRoom"[0m[37m.[0m[37m"roomType"[0m [94mAS[0m [37m"Event__Event_meetingRoom_roomType"[0m[37m,[0m [37m"Event__Event_meetingRoom"[0m[37m.[0m[37m"capacity"[0m [94mAS[0m [37m"Event__Event_meetingRoom_capacity"[0m[37m,[0m [37m"Event__Event_meetingRoom"[0m[37m.[0m[37m"status"[0m [94mAS[0m [37m"Event__Event_meetingRoom_status"[0m[37m,[0m [37m"Event__Event_meetingRoom"[0m[37m.[0m[37m"locationName"[0m [94mAS[0m [37m"Event__Event_meetingRoom_locationName"[0m[37m,[0m [37m"Event__Event_meetingRoom"[0m[37m.[0m[37m"locationFullAddress"[0m [94mAS[0m [37m"Event__Event_meetingRoom_locationFullAddress"[0m[37m,[0m [37m"Event__Event_meetingRoom"[0m[37m.[0m[37m"minBookingDuration"[0m [94mAS[0m [37m"Event__Event_meetingRoom_minBookingDuration"[0m[37m,[0m [37m"Event__Event_meetingRoom"[0m[37m.[0m[37m"maxBookingDuration"[0m [94mAS[0m [37m"Event__Event_meetingRoom_maxBookingDuration"[0m[37m,[0m [37m"Event__Event_meetingRoom"[0m[37m.[0m[37m"amenities"[0m [94mAS[0m [37m"Event__Event_meetingRoom_amenities"[0m[37m,[0m [37m"Event__Event_meetingRoom"[0m[37m.[0m[37m"hourlyRate"[0m [94mAS[0m [37m"Event__Event_meetingRoom_hourlyRate"[0m[37m,[0m [37m"Event__Event_meetingRoom"[0m[37m.[0m[37m"active"[0m [94mAS[0m [37m"Event__Event_meetingRoom_active"[0m[37m,[0m [37m"Event__Event_meetingRoom"[0m[37m.[0m[37m"createdAt"[0m [94mAS[0m [37m"Event__Event_meetingRoom_createdAt"[0m[37m,[0m [37m"Event__Event_meetingRoom"[0m[37m.[0m[37m"updatedAt"[0m [94mAS[0m [37m"Event__Event_meetingRoom_updatedAt"[0m[37m,[0m [37m"Event__Event_requestedBy"[0m[37m.[0m[37m"id"[0m [94mAS[0m [37m"Event__Event_requestedBy_id"[0m[37m,[0m [37m"Event__Event_requestedBy"[0m[37m.[0m[37m"email"[0m [94mAS[0m [37m"Event__Event_requestedBy_email"[0m[37m,[0m [37m"Event__Event_requestedBy"[0m[37m.[0m[37m"name"[0m [94mAS[0m [37m"Event__Event_requestedBy_name"[0m[37m,[0m [37m"Event__Event_requestedBy"[0m[37m.[0m[37m"role"[0m [94mAS[0m [37m"Event__Event_requestedBy_role"[0m[37m,[0m [37m"Event__Event_requestedBy"[0m[37m.[0m[37m"centerId"[0m [94mAS[0m [37m"Event__Event_requestedBy_centerId"[0m[37m,[0m [37m"Event__Event_requestedBy"[0m[37m.[0m[37m"settings"[0m [94mAS[0m [37m"Event__Event_requestedBy_settings"[0m[37m,[0m [37m"Event__Event_requestedBy"[0m[37m.[0m[37m"phone"[0m [94mAS[0m [37m"Event__Event_requestedBy_phone"[0m[37m,[0m [37m"Event__Event_requestedBy"[0m[37m.[0m[37m"avatar"[0m [94mAS[0m [37m"Event__Event_requestedBy_avatar"[0m[37m,[0m [37m"Event__Event_requestedBy"[0m[37m.[0m[37m"isActive"[0m [94mAS[0m [37m"Event__Event_requestedBy_isActive"[0m[37m,[0m [37m"Event__Event_requestedBy"[0m[37m.[0m[37m"lastLogin"[0m [94mAS[0m [37m"Event__Event_requestedBy_lastLogin"[0m[37m,[0m [37m"Event__Event_requestedBy"[0m[37m.[0m[37m"tokenBalance"[0m [94mAS[0m [37m"Event__Event_requestedBy_tokenBalance"[0m[37m,[0m [37m"Event__Event_requestedBy"[0m[37m.[0m[37m"deviceToken"[0m [94mAS[0m [37m"Event__Event_requestedBy_deviceToken"[0m[37m,[0m [37m"Event__Event_requestedBy"[0m[37m.[0m[37m"passwordHash"[0m [94mAS[0m [37m"Event__Event_requestedBy_passwordHash"[0m[37m,[0m [37m"Event__Event_requestedBy"[0m[37m.[0m[37m"twoFactorEnabled"[0m [94mAS[0m [37m"Event__Event_requestedBy_twoFactorEnabled"[0m[37m,[0m [37m"Event__Event_requestedBy"[0m[37m.[0m[37m"twoFactorSecret"[0m [94mAS[0m [37m"Event__Event_requestedBy_twoFactorSecret"[0m[37m,[0m [37m"Event__Event_requestedBy"[0m[37m.[0m[37m"passwordResetToken"[0m [94mAS[0m [37m"Event__Event_requestedBy_passwordResetToken"[0m[37m,[0m [37m"Event__Event_requestedBy"[0m[37m.[0m[37m"passwordResetExpiresAt"[0m [94mAS[0m [37m"Event__Event_requestedBy_passwordResetExpiresAt"[0m[37m,[0m [37m"Event__Event_requestedBy"[0m[37m.[0m[37m"emailVerifyToken"[0m [94mAS[0m [37m"Event__Event_requestedBy_emailVerifyToken"[0m[37m,[0m [37m"Event__Event_requestedBy"[0m[37m.[0m[37m"emailVerifyExpiresAt"[0m [94mAS[0m [37m"Event__Event_requestedBy_emailVerifyExpiresAt"[0m[37m,[0m [37m"Event__Event_requestedBy"[0m[37m.[0m[37m"emailVerified"[0m [94mAS[0m [37m"Event__Event_requestedBy_emailVerified"[0m[37m,[0m [37m"Event__Event_requestedBy"[0m[37m.[0m[37m"createdAt"[0m [94mAS[0m [37m"Event__Event_requestedBy_createdAt"[0m[37m,[0m [37m"Event__Event_requestedBy"[0m[37m.[0m[37m"updatedAt"[0m [94mAS[0m [37m"Event__Event_requestedBy_updatedAt"[0m [94mFROM[0m [37m"events"[0m [37m"Event"[0m [94mLEFT JOIN[0m [37m"centers"[0m [37m"Event__Event_center"[0m [94mON[0m [37m"Event__Event_center"[0m[37m.[0m[37m"id"[0m[37m=[0m[37m"Event"[0m[37m.[0m[37m"centerId"[0m  [94mLEFT JOIN[0m [37m"meeting_rooms"[0m [37m"Event__Event_meetingRoom"[0m [94mON[0m [37m"Event__Event_meetingRoom"[0m[37m.[0m[37m"id"[0m[37m=[0m[37m"Event"[0m[37m.[0m[37m"meetingRoomId"[0m  [94mLEFT JOIN[0m [37m"users"[0m [37m"Event__Event_requestedBy"[0m [94mON[0m [37m"Event__Event_requestedBy"[0m[37m.[0m[37m"id"[0m[37m=[0m[37m"Event"[0m[37m.[0m[37m"requestedById"[0m[37m)[0m [37m"distinctAlias"[0m [94mORDER BY[0m [37m"distinctAlias"[0m[37m.[0m[37m"Event_eventDate"[0m [94mDESC[0m[37m,[0m [37m"distinctAlias"[0m[37m.[0m[37m"Event_startTime"[0m [94mASC[0m[37m,[0m [37m"Event_id"[0m [94mASC[0m [94mLIMIT[0m [32m50[0m [37mOFFSET[0m [32m0[0m
[90m[4mquery:[24m[39m [94mSELECT[0m [37m"User"[0m[37m.[0m[37m"id"[0m [94mAS[0m [37m"User_id"[0m[37m,[0m [37m"User"[0m[37m.[0m[37m"email"[0m [94mAS[0m [37m"User_email"[0m[37m,[0m [37m"User"[0m[37m.[0m[37m"name"[0m [94mAS[0m [37m"User_name"[0m[37m,[0m [37m"User"[0m[37m.[0m[37m"role"[0m [94mAS[0m [37m"User_role"[0m[37m,[0m [37m"User"[0m[37m.[0m[37m"centerId"[0m [94mAS[0m [37m"User_centerId"[0m[37m,[0m [37m"User"[0m[37m.[0m[37m"settings"[0m [94mAS[0m [37m"User_settings"[0m[37m,[0m [37m"User"[0m[37m.[0m[37m"phone"[0m [94mAS[0m [37m"User_phone"[0m[37m,[0m [37m"User"[0m[37m.[0m[37m"avatar"[0m [94mAS[0m [37m"User_avatar"[0m[37m,[0m [37m"User"[0m[37m.[0m[37m"isActive"[0m [94mAS[0m [37m"User_isActive"[0m[37m,[0m [37m"User"[0m[37m.[0m[37m"lastLogin"[0m [94mAS[0m [37m"User_lastLogin"[0m[37m,[0m [37m"User"[0m[37m.[0m[37m"tokenBalance"[0m [94mAS[0m [37m"User_tokenBalance"[0m[37m,[0m [37m"User"[0m[37m.[0m[37m"deviceToken"[0m [94mAS[0m [37m"User_deviceToken"[0m[37m,[0m [37m"User"[0m[37m.[0m[37m"passwordHash"[0m [94mAS[0m [37m"User_passwordHash"[0m[37m,[0m [37m"User"[0m[37m.[0m[37m"twoFactorEnabled"[0m [94mAS[0m [37m"User_twoFactorEnabled"[0m[37m,[0m [37m"User"[0m[37m.[0m[37m"twoFactorSecret"[0m [94mAS[0m [37m"User_twoFactorSecret"[0m[37m,[0m [37m"User"[0m[37m.[0m[37m"passwordResetToken"[0m [94mAS[0m [37m"User_passwordResetToken"[0m[37m,[0m [37m"User"[0m[37m.[0m[37m"passwordResetExpiresAt"[0m [94mAS[0m [37m"User_passwordResetExpiresAt"[0m[37m,[0m [37m"User"[0m[37m.[0m[37m"emailVerifyToken"[0m [94mAS[0m [37m"User_emailVerifyToken"[0m[37m,[0m [37m"User"[0m[37m.[0m[37m"emailVerifyExpiresAt"[0m [94mAS[0m [37m"User_emailVerifyExpiresAt"[0m[37m,[0m [37m"User"[0m[37m.[0m[37m"emailVerified"[0m [94mAS[0m [37m"User_emailVerified"[0m[37m,[0m [37m"User"[0m[37m.[0m[37m"createdAt"[0m [94mAS[0m [37m"User_createdAt"[0m[37m,[0m [37m"User"[0m[37m.[0m[37m"updatedAt"[0m [94mAS[0m [37m"User_updatedAt"[0m[37m,[0m [37m"User__User_center"[0m[37m.[0m[37m"id"[0m [94mAS[0m [37m"User__User_center_id"[0m[37m,[0m [37m"User__User_center"[0m[37m.[0m[37m"name"[0m [94mAS[0m [37m"User__User_center_name"[0m[37m,[0m [37m"User__User_center"[0m[37m.[0m[37m"locationId"[0m [94mAS[0m [37m"User__User_center_locationId"[0m[37m,[0m [37m"User__User_center"[0m[37m.[0m[37m"status"[0m [94mAS[0m [37m"User__User_center_status"[0m[37m,[0m [37m"User__User_center"[0m[37m.[0m[37m"settings"[0m [94mAS[0m [37m"User__User_center_settings"[0m[37m,[0m [37m"User__User_center"[0m[37m.[0m[37m"owner"[0m [94mAS[0m [37m"User__User_center_owner"[0m[37m,[0m [37m"User__User_center"[0m[37m.[0m[37m"createdAt"[0m [94mAS[0m [37m"User__User_center_createdAt"[0m[37m,[0m [37m"User__User_center"[0m[37m.[0m[37m"updatedAt"[0m [94mAS[0m [37m"User__User_center_updatedAt"[0m [94mFROM[0m [37m"users"[0m [37m"User"[0m [94mLEFT JOIN[0m [37m"centers"[0m [37m"User__User_center"[0m [94mON[0m [37m"User__User_center"[0m[37m.[0m[37m"id"[0m[37m=[0m[37m"User"[0m[37m.[0m[37m"centerId"[0m [94mWHERE[0m [37m([0m [37m([0m[37m([0m[37m"User"[0m[37m.[0m[37m"id"[0m [37m=[0m [37m$[0m[32m1[0m[37m)[0m [94mAND[0m [37m([0m[37m"User"[0m[37m.[0m[37m"isActive"[0m [37m=[0m [37m$[0m[32m2[0m[37m)[0m[37m)[0m [37m)[0m [94mAND[0m [37m([0m [37m"User"[0m[37m.[0m[37m"id"[0m [94mIN[0m [37m([0m[37m$[0m[32m3[0m[37m)[0m [37m)[0m [90m-- PARAMETERS: ["7366405b-a7d3-4b39-8876-ee5e64775438",true,"7366405b-a7d3-4b39-8876-ee5e64775438"][0m
[90m[4mquery:[24m[39m [94mSELECT DISTINCT[0m [37m"distinctAlias"[0m[37m.[0m[37m"User_id"[0m [94mAS[0m [37m"ids_User_id"[0m [94mFROM[0m [37m([0m[94mSELECT[0m [37m"User"[0m[37m.[0m[37m"id"[0m [94mAS[0m [37m"User_id"[0m[37m,[0m [37m"User"[0m[37m.[0m[37m"email"[0m [94mAS[0m [37m"User_email"[0m[37m,[0m [37m"User"[0m[37m.[0m[37m"name"[0m [94mAS[0m [37m"User_name"[0m[37m,[0m [37m"User"[0m[37m.[0m[37m"role"[0m [94mAS[0m [37m"User_role"[0m[37m,[0m [37m"User"[0m[37m.[0m[37m"centerId"[0m [94mAS[0m [37m"User_centerId"[0m[37m,[0m [37m"User"[0m[37m.[0m[37m"settings"[0m [94mAS[0m [37m"User_settings"[0m[37m,[0m [37m"User"[0m[37m.[0m[37m"phone"[0m [94mAS[0m [37m"User_phone"[0m[37m,[0m [37m"User"[0m[37m.[0m[37m"avatar"[0m [94mAS[0m [37m"User_avatar"[0m[37m,[0m [37m"User"[0m[37m.[0m[37m"isActive"[0m [94mAS[0m [37m"User_isActive"[0m[37m,[0m [37m"User"[0m[37m.[0m[37m"lastLogin"[0m [94mAS[0m [37m"User_lastLogin"[0m[37m,[0m [37m"User"[0m[37m.[0m[37m"tokenBalance"[0m [94mAS[0m [37m"User_tokenBalance"[0m[37m,[0m [37m"User"[0m[37m.[0m[37m"deviceToken"[0m [94mAS[0m [37m"User_deviceToken"[0m[37m,[0m [37m"User"[0m[37m.[0m[37m"passwordHash"[0m [94mAS[0m [37m"User_passwordHash"[0m[37m,[0m [37m"User"[0m[37m.[0m[37m"twoFactorEnabled"[0m [94mAS[0m [37m"User_twoFactorEnabled"[0m[37m,[0m [37m"User"[0m[37m.[0m[37m"twoFactorSecret"[0m [94mAS[0m [37m"User_twoFactorSecret"[0m[37m,[0m [37m"User"[0m[37m.[0m[37m"passwordResetToken"[0m [94mAS[0m [37m"User_passwordResetToken"[0m[37m,[0m [37m"User"[0m[37m.[0m[37m"passwordResetExpiresAt"[0m [94mAS[0m [37m"User_passwordResetExpiresAt"[0m[37m,[0m [37m"User"[0m[37m.[0m[37m"emailVerifyToken"[0m [94mAS[0m [37m"User_emailVerifyToken"[0m[37m,[0m [37m"User"[0m[37m.[0m[37m"emailVerifyExpiresAt"[0m [94mAS[0m [37m"User_emailVerifyExpiresAt"[0m[37m,[0m [37m"User"[0m[37m.[0m[37m"emailVerified"[0m [94mAS[0m [37m"User_emailVerified"[0m[37m,[0m [37m"User"[0m[37m.[0m[37m"createdAt"[0m [94mAS[0m [37m"User_createdAt"[0m[37m,[0m [37m"User"[0m[37m.[0m[37m"updatedAt"[0m [94mAS[0m [37m"User_updatedAt"[0m[37m,[0m [37m"User__User_center"[0m[37m.[0m[37m"id"[0m [94mAS[0m [37m"User__User_center_id"[0m[37m,[0m [37m"User__User_center"[0m[37m.[0m[37m"name"[0m [94mAS[0m [37m"User__User_center_name"[0m[37m,[0m [37m"User__User_center"[0m[37m.[0m[37m"locationId"[0m [94mAS[0m [37m"User__User_center_locationId"[0m[37m,[0m [37m"User__User_center"[0m[37m.[0m[37m"status"[0m [94mAS[0m [37m"User__User_center_status"[0m[37m,[0m [37m"User__User_center"[0m[37m.[0m[37m"settings"[0m [94mAS[0m [37m"User__User_center_settings"[0m[37m,[0m [37m"User__User_center"[0m[37m.[0m[37m"owner"[0m [94mAS[0m [37m"User__User_center_owner"[0m[37m,[0m [37m"User__User_center"[0m[37m.[0m[37m"createdAt"[0m [94mAS[0m [37m"User__User_center_createdAt"[0m[37m,[0m [37m"User__User_center"[0m[37m.[0m[37m"updatedAt"[0m [94mAS[0m [37m"User__User_center_updatedAt"[0m [94mFROM[0m [37m"users"[0m [37m"User"[0m [94mLEFT JOIN[0m [37m"centers"[0m [37m"User__User_center"[0m [94mON[0m [37m"User__User_center"[0m[37m.[0m[37m"id"[0m[37m=[0m[37m"User"[0m[37m.[0m[37m"centerId"[0m [94mWHERE[0m [37m([0m[37m([0m[37m"User"[0m[37m.[0m[37m"id"[0m [37m=[0m [37m$[0m[32m1[0m[37m)[0m [94mAND[0m [37m([0m[37m"User"[0m[37m.[0m[37m"isActive"[0m [37m=[0m [37m$[0m[32m2[0m[37m)[0m[37m)[0m[37m)[0m [37m"distinctAlias"[0m [94mORDER BY[0m [37m"User_id"[0m [94mASC[0m [94mLIMIT[0m [32m1[0m [90m-- PARAMETERS: ["7366405b-a7d3-4b39-8876-ee5e64775438",true][0m
[90m[4mquery:[24m[39m [94mSELECT DISTINCT[0m [37m"distinctAlias"[0m[37m.[0m[37m"User_id"[0m [94mAS[0m [37m"ids_User_id"[0m [94mFROM[0m [37m([0m[94mSELECT[0m [37m"User"[0m[37m.[0m[37m"id"[0m [94mAS[0m [37m"User_id"[0m[37m,[0m [37m"User"[0m[37m.[0m[37m"email"[0m [94mAS[0m [37m"User_email"[0m[37m,[0m [37m"User"[0m[37m.[0m[37m"name"[0m [94mAS[0m [37m"User_name"[0m[37m,[0m [37m"User"[0m[37m.[0m[37m"role"[0m [94mAS[0m [37m"User_role"[0m[37m,[0m [37m"User"[0m[37m.[0m[37m"centerId"[0m [94mAS[0m [37m"User_centerId"[0m[37m,[0m [37m"User"[0m[37m.[0m[37m"settings"[0m [94mAS[0m [37m"User_settings"[0m[37m,[0m [37m"User"[0m[37m.[0m[37m"phone"[0m [94mAS[0m [37m"User_phone"[0m[37m,[0m [37m"User"[0m[37m.[0m[37m"avatar"[0m [94mAS[0m [37m"User_avatar"[0m[37m,[0m [37m"User"[0m[37m.[0m[37m"isActive"[0m [94mAS[0m [37m"User_isActive"[0m[37m,[0m [37m"User"[0m[37m.[0m[37m"lastLogin"[0m [94mAS[0m [37m"User_lastLogin"[0m[37m,[0m [37m"User"[0m[37m.[0m[37m"tokenBalance"[0m [94mAS[0m [37m"User_tokenBalance"[0m[37m,[0m [37m"User"[0m[37m.[0m[37m"deviceToken"[0m [94mAS[0m [37m"User_deviceToken"[0m[37m,[0m [37m"User"[0m[37m.[0m[37m"passwordHash"[0m [94mAS[0m [37m"User_passwordHash"[0m[37m,[0m [37m"User"[0m[37m.[0m[37m"twoFactorEnabled"[0m [94mAS[0m [37m"User_twoFactorEnabled"[0m[37m,[0m [37m"User"[0m[37m.[0m[37m"twoFactorSecret"[0m [94mAS[0m [37m"User_twoFactorSecret"[0m[37m,[0m [37m"User"[0m[37m.[0m[37m"passwordResetToken"[0m [94mAS[0m [37m"User_passwordResetToken"[0m[37m,[0m [37m"User"[0m[37m.[0m[37m"passwordResetExpiresAt"[0m [94mAS[0m [37m"User_passwordResetExpiresAt"[0m[37m,[0m [37m"User"[0m[37m.[0m[37m"emailVerifyToken"[0m [94mAS[0m [37m"User_emailVerifyToken"[0m[37m,[0m [37m"User"[0m[37m.[0m[37m"emailVerifyExpiresAt"[0m [94mAS[0m [37m"User_emailVerifyExpiresAt"[0m[37m,[0m [37m"User"[0m[37m.[0m[37m"emailVerified"[0m [94mAS[0m [37m"User_emailVerified"[0m[37m,[0m [37m"User"[0m[37m.[0m[37m"createdAt"[0m [94mAS[0m [37m"User_createdAt"[0m[37m,[0m [37m"User"[0m[37m.[0m[37m"updatedAt"[0m [94mAS[0m [37m"User_updatedAt"[0m[37m,[0m [37m"User__User_center"[0m[37m.[0m[37m"id"[0m [94mAS[0m [37m"User__User_center_id"[0m[37m,[0m [37m"User__User_center"[0m[37m.[0m[37m"name"[0m [94mAS[0m [37m"User__User_center_name"[0m[37m,[0m [37m"User__User_center"[0m[37m.[0m[37m"locationId"[0m [94mAS[0m [37m"User__User_center_locationId"[0m[37m,[0m [37m"User__User_center"[0m[37m.[0m[37m"status"[0m [94mAS[0m [37m"User__User_center_status"[0m[37m,[0m [37m"User__User_center"[0m[37m.[0m[37m"settings"[0m [94mAS[0m [37m"User__User_center_settings"[0m[37m,[0m [37m"User__User_center"[0m[37m.[0m[37m"owner"[0m [94mAS[0m [37m"User__User_center_owner"[0m[37m,[0m [37m"User__User_center"[0m[37m.[0m[37m"createdAt"[0m [94mAS[0m [37m"User__User_center_createdAt"[0m[37m,[0m [37m"User__User_center"[0m[37m.[0m[37m"updatedAt"[0m [94mAS[0m [37m"User__User_center_updatedAt"[0m [94mFROM[0m [37m"users"[0m [37m"User"[0m [94mLEFT JOIN[0m [37m"centers"[0m [37m"User__User_center"[0m [94mON[0m [37m"User__User_center"[0m[37m.[0m[37m"id"[0m[37m=[0m[37m"User"[0m[37m.[0m[37m"centerId"[0m [94mWHERE[0m [37m([0m[37m([0m[37m"User"[0m[37m.[0m[37m"id"[0m [37m=[0m [37m$[0m[32m1[0m[37m)[0m [94mAND[0m [37m([0m[37m"User"[0m[37m.[0m[37m"isActive"[0m [37m=[0m [37m$[0m[32m2[0m[37m)[0m[37m)[0m[37m)[0m [37m"distinctAlias"[0m [94mORDER BY[0m [37m"User_id"[0m [94mASC[0m [94mLIMIT[0m [32m1[0m [90m-- PARAMETERS: ["7366405b-a7d3-4b39-8876-ee5e64775438",true][0m
[90m[4mquery:[24m[39m [94mSELECT[0m [37m"MeetingRoom"[0m[37m.[0m[37m"id"[0m [94mAS[0m [37m"MeetingRoom_id"[0m[37m,[0m [37m"MeetingRoom"[0m[37m.[0m[37m"centerId"[0m [94mAS[0m [37m"MeetingRoom_centerId"[0m[37m,[0m [37m"MeetingRoom"[0m[37m.[0m[37m"floorId"[0m [94mAS[0m [37m"MeetingRoom_floorId"[0m[37m,[0m [37m"MeetingRoom"[0m[37m.[0m[37m"name"[0m [94mAS[0m [37m"MeetingRoom_name"[0m[37m,[0m [37m"MeetingRoom"[0m[37m.[0m[37m"roomType"[0m [94mAS[0m [37m"MeetingRoom_roomType"[0m[37m,[0m [37m"MeetingRoom"[0m[37m.[0m[37m"capacity"[0m [94mAS[0m [37m"MeetingRoom_capacity"[0m[37m,[0m [37m"MeetingRoom"[0m[37m.[0m[37m"status"[0m [94mAS[0m [37m"MeetingRoom_status"[0m[37m,[0m [37m"MeetingRoom"[0m[37m.[0m[37m"locationName"[0m [94mAS[0m [37m"MeetingRoom_locationName"[0m[37m,[0m [37m"MeetingRoom"[0m[37m.[0m[37m"locationFullAddress"[0m [94mAS[0m [37m"MeetingRoom_locationFullAddress"[0m[37m,[0m [37m"MeetingRoom"[0m[37m.[0m[37m"minBookingDuration"[0m [94mAS[0m [37m"MeetingRoom_minBookingDuration"[0m[37m,[0m [37m"MeetingRoom"[0m[37m.[0m[37m"maxBookingDuration"[0m [94mAS[0m [37m"MeetingRoom_maxBookingDuration"[0m[37m,[0m [37m"MeetingRoom"[0m[37m.[0m[37m"amenities"[0m [94mAS[0m [37m"MeetingRoom_amenities"[0m[37m,[0m [37m"MeetingRoom"[0m[37m.[0m[37m"hourlyRate"[0m [94mAS[0m [37m"MeetingRoom_hourlyRate"[0m[37m,[0m [37m"MeetingRoom"[0m[37m.[0m[37m"active"[0m [94mAS[0m [37m"MeetingRoom_active"[0m[37m,[0m [37m"MeetingRoom"[0m[37m.[0m[37m"createdAt"[0m [94mAS[0m [37m"MeetingRoom_createdAt"[0m[37m,[0m [37m"MeetingRoom"[0m[37m.[0m[37m"updatedAt"[0m [94mAS[0m [37m"MeetingRoom_updatedAt"[0m[37m,[0m [37m"MeetingRoom__MeetingRoom_center"[0m[37m.[0m[37m"id"[0m [94mAS[0m [37m"MeetingRoom__MeetingRoom_center_id"[0m[37m,[0m [37m"MeetingRoom__MeetingRoom_center"[0m[37m.[0m[37m"name"[0m [94mAS[0m [37m"MeetingRoom__MeetingRoom_center_name"[0m[37m,[0m [37m"MeetingRoom__MeetingRoom_center"[0m[37m.[0m[37m"locationId"[0m [94mAS[0m [37m"MeetingRoom__MeetingRoom_center_locationId"[0m[37m,[0m [37m"MeetingRoom__MeetingRoom_center"[0m[37m.[0m[37m"status"[0m [94mAS[0m [37m"MeetingRoom__MeetingRoom_center_status"[0m[37m,[0m [37m"MeetingRoom__MeetingRoom_center"[0m[37m.[0m[37m"settings"[0m [94mAS[0m [37m"MeetingRoom__MeetingRoom_center_settings"[0m[37m,[0m [37m"MeetingRoom__MeetingRoom_center"[0m[37m.[0m[37m"owner"[0m [94mAS[0m [37m"MeetingRoom__MeetingRoom_center_owner"[0m[37m,[0m [37m"MeetingRoom__MeetingRoom_center"[0m[37m.[0m[37m"createdAt"[0m [94mAS[0m [37m"MeetingRoom__MeetingRoom_center_createdAt"[0m[37m,[0m [37m"MeetingRoom__MeetingRoom_center"[0m[37m.[0m[37m"updatedAt"[0m [94mAS[0m [37m"MeetingRoom__MeetingRoom_center_updatedAt"[0m [94mFROM[0m [37m"meeting_rooms"[0m [37m"MeetingRoom"[0m [94mLEFT JOIN[0m [37m"centers"[0m [37m"MeetingRoom__MeetingRoom_center"[0m [94mON[0m [37m"MeetingRoom__MeetingRoom_center"[0m[37m.[0m[37m"id"[0m[37m=[0m[37m"MeetingRoom"[0m[37m.[0m[37m"centerId"[0m [94mWHERE[0m [37m([0m [37m([0m[37m([0m[37m"MeetingRoom"[0m[37m.[0m[37m"active"[0m [37m=[0m [37m$[0m[32m1[0m[37m)[0m[37m)[0m [37m)[0m [94mAND[0m [37m([0m [37m"MeetingRoom"[0m[37m.[0m[37m"id"[0m [94mIN[0m [37m([0m[37m$[0m[32m2[0m[37m)[0m [37m)[0m [94mORDER BY[0m [37m"MeetingRoom"[0m[37m.[0m[37m"name"[0m [94mASC[0m [90m-- PARAMETERS: [true,"7ccb622e-ea30-4162-8e54-44cb4a03efc9"][0m
[90m[4mquery:[24m[39m [94mSELECT DISTINCT[0m [37m"distinctAlias"[0m[37m.[0m[37m"Lead_id"[0m [94mAS[0m [37m"ids_Lead_id"[0m[37m,[0m [37m"distinctAlias"[0m[37m.[0m[37m"Lead_createdAt"[0m [94mFROM[0m [37m([0m[94mSELECT[0m [37m"Lead"[0m[37m.[0m[37m"id"[0m [94mAS[0m [37m"Lead_id"[0m[37m,[0m [37m"Lead"[0m[37m.[0m[37m"name"[0m [94mAS[0m [37m"Lead_name"[0m[37m,[0m [37m"Lead"[0m[37m.[0m[37m"email"[0m [94mAS[0m [37m"Lead_email"[0m[37m,[0m [37m"Lead"[0m[37m.[0m[37m"phone"[0m [94mAS[0m [37m"Lead_phone"[0m[37m,[0m [37m"Lead"[0m[37m.[0m[37m"company"[0m [94mAS[0m [37m"Lead_company"[0m[37m,[0m [37m"Lead"[0m[37m.[0m[37m"status"[0m [94mAS[0m [37m"Lead_status"[0m[37m,[0m [37m"Lead"[0m[37m.[0m[37m"source"[0m [94mAS[0m [37m"Lead_source"[0m[37m,[0m [37m"Lead"[0m[37m.[0m[37m"requirement"[0m [94mAS[0m [37m"Lead_requirement"[0m[37m,[0m [37m"Lead"[0m[37m.[0m[37m"budget"[0m [94mAS[0m [37m"Lead_budget"[0m[37m,[0m [37m"Lead"[0m[37m.[0m[37m"location"[0m [94mAS[0m [37m"Lead_location"[0m[37m,[0m [37m"Lead"[0m[37m.[0m[37m"notes"[0m [94mAS[0m [37m"Lead_notes"[0m[37m,[0m [37m"Lead"[0m[37m.[0m[37m"assignedToId"[0m [94mAS[0m [37m"Lead_assignedToId"[0m[37m,[0m [37m"Lead"[0m[37m.[0m[37m"centerId"[0m [94mAS[0m [37m"Lead_centerId"[0m[37m,[0m [37m"Lead"[0m[37m.[0m[37m"customerId"[0m [94mAS[0m [37m"Lead_customerId"[0m[37m,[0m [37m"Lead"[0m[37m.[0m[37m"lastContact"[0m [94mAS[0m [37m"Lead_lastContact"[0m[37m,[0m [37m"Lead"[0m[37m.[0m[37m"createdAt"[0m [94mAS[0m [37m"Lead_createdAt"[0m[37m,[0m [37m"Lead"[0m[37m.[0m[37m"updatedAt"[0m [94mAS[0m [37m"Lead_updatedAt"[0m[37m,[0m [37m"Lead__Lead_assignedTo"[0m[37m.[0m[37m"id"[0m [94mAS[0m [37m"Lead__Lead_assignedTo_id"[0m[37m,[0m [37m"Lead__Lead_assignedTo"[0m[37m.[0m[37m"email"[0m [94mAS[0m [37m"Lead__Lead_assignedTo_email"[0m[37m,[0m [37m"Lead__Lead_assignedTo"[0m[37m.[0m[37m"name"[0m [94mAS[0m [37m"Lead__Lead_assignedTo_name"[0m[37m,[0m [37m"Lead__Lead_assignedTo"[0m[37m.[0m[37m"role"[0m [94mAS[0m [37m"Lead__Lead_assignedTo_role"[0m[37m,[0m [37m"Lead__Lead_assignedTo"[0m[37m.[0m[37m"centerId"[0m [94mAS[0m [37m"Lead__Lead_assignedTo_centerId"[0m[37m,[0m [37m"Lead__Lead_assignedTo"[0m[37m.[0m[37m"settings"[0m [94mAS[0m [37m"Lead__Lead_assignedTo_settings"[0m[37m,[0m [37m"Lead__Lead_assignedTo"[0m[37m.[0m[37m"phone"[0m [94mAS[0m [37m"Lead__Lead_assignedTo_phone"[0m[37m,[0m [37m"Lead__Lead_assignedTo"[0m[37m.[0m[37m"avatar"[0m [94mAS[0m [37m"Lead__Lead_assignedTo_avatar"[0m[37m,[0m [37m"Lead__Lead_assignedTo"[0m[37m.[0m[37m"isActive"[0m [94mAS[0m [37m"Lead__Lead_assignedTo_isActive"[0m[37m,[0m [37m"Lead__Lead_assignedTo"[0m[37m.[0m[37m"lastLogin"[0m [94mAS[0m [37m"Lead__Lead_assignedTo_lastLogin"[0m[37m,[0m [37m"Lead__Lead_assignedTo"[0m[37m.[0m[37m"tokenBalance"[0m [94mAS[0m [37m"Lead__Lead_assignedTo_tokenBalance"[0m[37m,[0m [37m"Lead__Lead_assignedTo"[0m[37m.[0m[37m"deviceToken"[0m [94mAS[0m [37m"Lead__Lead_assignedTo_deviceToken"[0m[37m,[0m [37m"Lead__Lead_assignedTo"[0m[37m.[0m[37m"passwordHash"[0m [94mAS[0m [37m"Lead__Lead_assignedTo_passwordHash"[0m[37m,[0m [37m"Lead__Lead_assignedTo"[0m[37m.[0m[37m"twoFactorEnabled"[0m [94mAS[0m [37m"Lead__Lead_assignedTo_twoFactorEnabled"[0m[37m,[0m [37m"Lead__Lead_assignedTo"[0m[37m.[0m[37m"twoFactorSecret"[0m [94mAS[0m [37m"Lead__Lead_assignedTo_twoFactorSecret"[0m[37m,[0m [37m"Lead__Lead_assignedTo"[0m[37m.[0m[37m"passwordResetToken"[0m [94mAS[0m [37m"Lead__Lead_assignedTo_passwordResetToken"[0m[37m,[0m [37m"Lead__Lead_assignedTo"[0m[37m.[0m[37m"passwordResetExpiresAt"[0m [94mAS[0m [37m"Lead__Lead_assignedTo_passwordResetExpiresAt"[0m[37m,[0m [37m"Lead__Lead_assignedTo"[0m[37m.[0m[37m"emailVerifyToken"[0m [94mAS[0m [37m"Lead__Lead_assignedTo_emailVerifyToken"[0m[37m,[0m [37m"Lead__Lead_assignedTo"[0m[37m.[0m[37m"emailVerifyExpiresAt"[0m [94mAS[0m [37m"Lead__Lead_assignedTo_emailVerifyExpiresAt"[0m[37m,[0m [37m"Lead__Lead_assignedTo"[0m[37m.[0m[37m"emailVerified"[0m [94mAS[0m [37m"Lead__Lead_assignedTo_emailVerified"[0m[37m,[0m [37m"Lead__Lead_assignedTo"[0m[37m.[0m[37m"createdAt"[0m [94mAS[0m [37m"Lead__Lead_assignedTo_createdAt"[0m[37m,[0m [37m"Lead__Lead_assignedTo"[0m[37m.[0m[37m"updatedAt"[0m [94mAS[0m [37m"Lead__Lead_assignedTo_updatedAt"[0m [94mFROM[0m [37m"leads"[0m [37m"Lead"[0m [94mLEFT JOIN[0m [37m"users"[0m [37m"Lead__Lead_assignedTo"[0m [94mON[0m [37m"Lead__Lead_assignedTo"[0m[37m.[0m[37m"id"[0m[37m=[0m[37m"Lead"[0m[37m.[0m[37m"assignedToId"[0m[37m)[0m [37m"distinctAlias"[0m [94mORDER BY[0m [37m"distinctAlias"[0m[37m.[0m[37m"Lead_createdAt"[0m [94mDESC[0m[37m,[0m [37m"Lead_id"[0m [94mASC[0m [94mLIMIT[0m [32m50[0m [37mOFFSET[0m [32m0[0m
[90m[4mquery:[24m[39m [94mSELECT[0m [37m"User"[0m[37m.[0m[37m"id"[0m [94mAS[0m [37m"User_id"[0m[37m,[0m [37m"User"[0m[37m.[0m[37m"email"[0m [94mAS[0m [37m"User_email"[0m[37m,[0m [37m"User"[0m[37m.[0m[37m"name"[0m [94mAS[0m [37m"User_name"[0m[37m,[0m [37m"User"[0m[37m.[0m[37m"role"[0m [94mAS[0m [37m"User_role"[0m[37m,[0m [37m"User"[0m[37m.[0m[37m"centerId"[0m [94mAS[0m [37m"User_centerId"[0m[37m,[0m [37m"User"[0m[37m.[0m[37m"settings"[0m [94mAS[0m [37m"User_settings"[0m[37m,[0m [37m"User"[0m[37m.[0m[37m"phone"[0m [94mAS[0m [37m"User_phone"[0m[37m,[0m [37m"User"[0m[37m.[0m[37m"avatar"[0m [94mAS[0m [37m"User_avatar"[0m[37m,[0m [37m"User"[0m[37m.[0m[37m"isActive"[0m [94mAS[0m [37m"User_isActive"[0m[37m,[0m [37m"User"[0m[37m.[0m[37m"lastLogin"[0m [94mAS[0m [37m"User_lastLogin"[0m[37m,[0m [37m"User"[0m[37m.[0m[37m"tokenBalance"[0m [94mAS[0m [37m"User_tokenBalance"[0m[37m,[0m [37m"User"[0m[37m.[0m[37m"deviceToken"[0m [94mAS[0m [37m"User_deviceToken"[0m[37m,[0m [37m"User"[0m[37m.[0m[37m"passwordHash"[0m [94mAS[0m [37m"User_passwordHash"[0m[37m,[0m [37m"User"[0m[37m.[0m[37m"twoFactorEnabled"[0m [94mAS[0m [37m"User_twoFactorEnabled"[0m[37m,[0m [37m"User"[0m[37m.[0m[37m"twoFactorSecret"[0m [94mAS[0m [37m"User_twoFactorSecret"[0m[37m,[0m [37m"User"[0m[37m.[0m[37m"passwordResetToken"[0m [94mAS[0m [37m"User_passwordResetToken"[0m[37m,[0m [37m"User"[0m[37m.[0m[37m"passwordResetExpiresAt"[0m [94mAS[0m [37m"User_passwordResetExpiresAt"[0m[37m,[0m [37m"User"[0m[37m.[0m[37m"emailVerifyToken"[0m [94mAS[0m [37m"User_emailVerifyToken"[0m[37m,[0m [37m"User"[0m[37m.[0m[37m"emailVerifyExpiresAt"[0m [94mAS[0m [37m"User_emailVerifyExpiresAt"[0m[37m,[0m [37m"User"[0m[37m.[0m[37m"emailVerified"[0m [94mAS[0m [37m"User_emailVerified"[0m[37m,[0m [37m"User"[0m[37m.[0m[37m"createdAt"[0m [94mAS[0m [37m"User_createdAt"[0m[37m,[0m [37m"User"[0m[37m.[0m[37m"updatedAt"[0m [94mAS[0m [37m"User_updatedAt"[0m[37m,[0m [37m"User__User_center"[0m[37m.[0m[37m"id"[0m [94mAS[0m [37m"User__User_center_id"[0m[37m,[0m [37m"User__User_center"[0m[37m.[0m[37m"name"[0m [94mAS[0m [37m"User__User_center_name"[0m[37m,[0m [37m"User__User_center"[0m[37m.[0m[37m"locationId"[0m [94mAS[0m [37m"User__User_center_locationId"[0m[37m,[0m [37m"User__User_center"[0m[37m.[0m[37m"status"[0m [94mAS[0m [37m"User__User_center_status"[0m[37m,[0m [37m"User__User_center"[0m[37m.[0m[37m"settings"[0m [94mAS[0m [37m"User__User_center_settings"[0m[37m,[0m [37m"User__User_center"[0m[37m.[0m[37m"owner"[0m [94mAS[0m [37m"User__User_center_owner"[0m[37m,[0m [37m"User__User_center"[0m[37m.[0m[37m"createdAt"[0m [94mAS[0m [37m"User__User_center_createdAt"[0m[37m,[0m [37m"User__User_center"[0m[37m.[0m[37m"updatedAt"[0m [94mAS[0m [37m"User__User_center_updatedAt"[0m [94mFROM[0m [37m"users"[0m [37m"User"[0m [94mLEFT JOIN[0m [37m"centers"[0m [37m"User__User_center"[0m [94mON[0m [37m"User__User_center"[0m[37m.[0m[37m"id"[0m[37m=[0m[37m"User"[0m[37m.[0m[37m"centerId"[0m [94mWHERE[0m [37m([0m [37m([0m[37m([0m[37m"User"[0m[37m.[0m[37m"id"[0m [37m=[0m [37m$[0m[32m1[0m[37m)[0m [94mAND[0m [37m([0m[37m"User"[0m[37m.[0m[37m"isActive"[0m [37m=[0m [37m$[0m[32m2[0m[37m)[0m[37m)[0m [37m)[0m [94mAND[0m [37m([0m [37m"User"[0m[37m.[0m[37m"id"[0m [94mIN[0m [37m([0m[37m$[0m[32m3[0m[37m)[0m [37m)[0m [90m-- PARAMETERS: ["7366405b-a7d3-4b39-8876-ee5e64775438",true,"7366405b-a7d3-4b39-8876-ee5e64775438"][0m
[90m[4mquery:[24m[39m [94mSELECT DISTINCT[0m [37m"distinctAlias"[0m[37m.[0m[37m"User_id"[0m [94mAS[0m [37m"ids_User_id"[0m [94mFROM[0m [37m([0m[94mSELECT[0m [37m"User"[0m[37m.[0m[37m"id"[0m [94mAS[0m [37m"User_id"[0m[37m,[0m [37m"User"[0m[37m.[0m[37m"email"[0m [94mAS[0m [37m"User_email"[0m[37m,[0m [37m"User"[0m[37m.[0m[37m"name"[0m [94mAS[0m [37m"User_name"[0m[37m,[0m [37m"User"[0m[37m.[0m[37m"role"[0m [94mAS[0m [37m"User_role"[0m[37m,[0m [37m"User"[0m[37m.[0m[37m"centerId"[0m [94mAS[0m [37m"User_centerId"[0m[37m,[0m [37m"User"[0m[37m.[0m[37m"settings"[0m [94mAS[0m [37m"User_settings"[0m[37m,[0m [37m"User"[0m[37m.[0m[37m"phone"[0m [94mAS[0m [37m"User_phone"[0m[37m,[0m [37m"User"[0m[37m.[0m[37m"avatar"[0m [94mAS[0m [37m"User_avatar"[0m[37m,[0m [37m"User"[0m[37m.[0m[37m"isActive"[0m [94mAS[0m [37m"User_isActive"[0m[37m,[0m [37m"User"[0m[37m.[0m[37m"lastLogin"[0m [94mAS[0m [37m"User_lastLogin"[0m[37m,[0m [37m"User"[0m[37m.[0m[37m"tokenBalance"[0m [94mAS[0m [37m"User_tokenBalance"[0m[37m,[0m [37m"User"[0m[37m.[0m[37m"deviceToken"[0m [94mAS[0m [37m"User_deviceToken"[0m[37m,[0m [37m"User"[0m[37m.[0m[37m"passwordHash"[0m [94mAS[0m [37m"User_passwordHash"[0m[37m,[0m [37m"User"[0m[37m.[0m[37m"twoFactorEnabled"[0m [94mAS[0m [37m"User_twoFactorEnabled"[0m[37m,[0m [37m"User"[0m[37m.[0m[37m"twoFactorSecret"[0m [94mAS[0m [37m"User_twoFactorSecret"[0m[37m,[0m [37m"User"[0m[37m.[0m[37m"passwordResetToken"[0m [94mAS[0m [37m"User_passwordResetToken"[0m[37m,[0m [37m"User"[0m[37m.[0m[37m"passwordResetExpiresAt"[0m [94mAS[0m [37m"User_passwordResetExpiresAt"[0m[37m,[0m [37m"User"[0m[37m.[0m[37m"emailVerifyToken"[0m [94mAS[0m [37m"User_emailVerifyToken"[0m[37m,[0m [37m"User"[0m[37m.[0m[37m"emailVerifyExpiresAt"[0m [94mAS[0m [37m"User_emailVerifyExpiresAt"[0m[37m,[0m [37m"User"[0m[37m.[0m[37m"emailVerified"[0m [94mAS[0m [37m"User_emailVerified"[0m[37m,[0m [37m"User"[0m[37m.[0m[37m"createdAt"[0m [94mAS[0m [37m"User_createdAt"[0m[37m,[0m [37m"User"[0m[37m.[0m[37m"updatedAt"[0m [94mAS[0m [37m"User_updatedAt"[0m[37m,[0m [37m"User__User_center"[0m[37m.[0m[37m"id"[0m [94mAS[0m [37m"User__User_center_id"[0m[37m,[0m [37m"User__User_center"[0m[37m.[0m[37m"name"[0m [94mAS[0m [37m"User__User_center_name"[0m[37m,[0m [37m"User__User_center"[0m[37m.[0m[37m"locationId"[0m [94mAS[0m [37m"User__User_center_locationId"[0m[37m,[0m [37m"User__User_center"[0m[37m.[0m[37m"status"[0m [94mAS[0m [37m"User__User_center_status"[0m[37m,[0m [37m"User__User_center"[0m[37m.[0m[37m"settings"[0m [94mAS[0m [37m"User__User_center_settings"[0m[37m,[0m [37m"User__User_center"[0m[37m.[0m[37m"owner"[0m [94mAS[0m [37m"User__User_center_owner"[0m[37m,[0m [37m"User__User_center"[0m[37m.[0m[37m"createdAt"[0m [94mAS[0m [37m"User__User_center_createdAt"[0m[37m,[0m [37m"User__User_center"[0m[37m.[0m[37m"updatedAt"[0m [94mAS[0m [37m"User__User_center_updatedAt"[0m [94mFROM[0m [37m"users"[0m [37m"User"[0m [94mLEFT JOIN[0m [37m"centers"[0m [37m"User__User_center"[0m [94mON[0m [37m"User__User_center"[0m[37m.[0m[37m"id"[0m[37m=[0m[37m"User"[0m[37m.[0m[37m"centerId"[0m [94mWHERE[0m [37m([0m[37m([0m[37m"User"[0m[37m.[0m[37m"id"[0m [37m=[0m [37m$[0m[32m1[0m[37m)[0m [94mAND[0m [37m([0m[37m"User"[0m[37m.[0m[37m"isActive"[0m [37m=[0m [37m$[0m[32m2[0m[37m)[0m[37m)[0m[37m)[0m [37m"distinctAlias"[0m [94mORDER BY[0m [37m"User_id"[0m [94mASC[0m [94mLIMIT[0m [32m1[0m [90m-- PARAMETERS: ["7366405b-a7d3-4b39-8876-ee5e64775438",true][0m
[90m[4mquery:[24m[39m [94mSELECT[0m [37m"User"[0m[37m.[0m[37m"id"[0m [94mAS[0m [37m"User_id"[0m[37m,[0m [37m"User"[0m[37m.[0m[37m"email"[0m [94mAS[0m [37m"User_email"[0m[37m,[0m [37m"User"[0m[37m.[0m[37m"name"[0m [94mAS[0m [37m"User_name"[0m[37m,[0m [37m"User"[0m[37m.[0m[37m"role"[0m [94mAS[0m [37m"User_role"[0m[37m,[0m [37m"User"[0m[37m.[0m[37m"centerId"[0m [94mAS[0m [37m"User_centerId"[0m[37m,[0m [37m"User"[0m[37m.[0m[37m"settings"[0m [94mAS[0m [37m"User_settings"[0m[37m,[0m [37m"User"[0m[37m.[0m[37m"phone"[0m [94mAS[0m [37m"User_phone"[0m[37m,[0m [37m"User"[0m[37m.[0m[37m"avatar"[0m [94mAS[0m [37m"User_avatar"[0m[37m,[0m [37m"User"[0m[37m.[0m[37m"isActive"[0m [94mAS[0m [37m"User_isActive"[0m[37m,[0m [37m"User"[0m[37m.[0m[37m"lastLogin"[0m [94mAS[0m [37m"User_lastLogin"[0m[37m,[0m [37m"User"[0m[37m.[0m[37m"tokenBalance"[0m [94mAS[0m [37m"User_tokenBalance"[0m[37m,[0m [37m"User"[0m[37m.[0m[37m"deviceToken"[0m [94mAS[0m [37m"User_deviceToken"[0m[37m,[0m [37m"User"[0m[37m.[0m[37m"passwordHash"[0m [94mAS[0m [37m"User_passwordHash"[0m[37m,[0m [37m"User"[0m[37m.[0m[37m"twoFactorEnabled"[0m [94mAS[0m [37m"User_twoFactorEnabled"[0m[37m,[0m [37m"User"[0m[37m.[0m[37m"twoFactorSecret"[0m [94mAS[0m [37m"User_twoFactorSecret"[0m[37m,[0m [37m"User"[0m[37m.[0m[37m"passwordResetToken"[0m [94mAS[0m [37m"User_passwordResetToken"[0m[37m,[0m [37m"User"[0m[37m.[0m[37m"passwordResetExpiresAt"[0m [94mAS[0m [37m"User_passwordResetExpiresAt"[0m[37m,[0m [37m"User"[0m[37m.[0m[37m"emailVerifyToken"[0m [94mAS[0m [37m"User_emailVerifyToken"[0m[37m,[0m [37m"User"[0m[37m.[0m[37m"emailVerifyExpiresAt"[0m [94mAS[0m [37m"User_emailVerifyExpiresAt"[0m[37m,[0m [37m"User"[0m[37m.[0m[37m"emailVerified"[0m [94mAS[0m [37m"User_emailVerified"[0m[37m,[0m [37m"User"[0m[37m.[0m[37m"createdAt"[0m [94mAS[0m [37m"User_createdAt"[0m[37m,[0m [37m"User"[0m[37m.[0m[37m"updatedAt"[0m [94mAS[0m [37m"User_updatedAt"[0m[37m,[0m [37m"User__User_center"[0m[37m.[0m[37m"id"[0m [94mAS[0m [37m"User__User_center_id"[0m[37m,[0m [37m"User__User_center"[0m[37m.[0m[37m"name"[0m [94mAS[0m [37m"User__User_center_name"[0m[37m,[0m [37m"User__User_center"[0m[37m.[0m[37m"locationId"[0m [94mAS[0m [37m"User__User_center_locationId"[0m[37m,[0m [37m"User__User_center"[0m[37m.[0m[37m"status"[0m [94mAS[0m [37m"User__User_center_status"[0m[37m,[0m [37m"User__User_center"[0m[37m.[0m[37m"settings"[0m [94mAS[0m [37m"User__User_center_settings"[0m[37m,[0m [37m"User__User_center"[0m[37m.[0m[37m"owner"[0m [94mAS[0m [37m"User__User_center_owner"[0m[37m,[0m [37m"User__User_center"[0m[37m.[0m[37m"createdAt"[0m [94mAS[0m [37m"User__User_center_createdAt"[0m[37m,[0m [37m"User__User_center"[0m[37m.[0m[37m"updatedAt"[0m [94mAS[0m [37m"User__User_center_updatedAt"[0m [94mFROM[0m [37m"users"[0m [37m"User"[0m [94mLEFT JOIN[0m [37m"centers"[0m [37m"User__User_center"[0m [94mON[0m [37m"User__User_center"[0m[37m.[0m[37m"id"[0m[37m=[0m[37m"User"[0m[37m.[0m[37m"centerId"[0m [94mWHERE[0m [37m([0m [37m([0m[37m([0m[37m"User"[0m[37m.[0m[37m"id"[0m [37m=[0m [37m$[0m[32m1[0m[37m)[0m [94mAND[0m [37m([0m[37m"User"[0m[37m.[0m[37m"isActive"[0m [37m=[0m [37m$[0m[32m2[0m[37m)[0m[37m)[0m [37m)[0m [94mAND[0m [37m([0m [37m"User"[0m[37m.[0m[37m"id"[0m [94mIN[0m [37m([0m[37m$[0m[32m3[0m[37m)[0m [37m)[0m [90m-- PARAMETERS: ["7366405b-a7d3-4b39-8876-ee5e64775438",true,"7366405b-a7d3-4b39-8876-ee5e64775438"][0m
[90m[4mquery:[24m[39m [94mSELECT[0m [37m"Lead"[0m[37m.[0m[37m"id"[0m [94mAS[0m [37m"Lead_id"[0m[37m,[0m [37m"Lead"[0m[37m.[0m[37m"name"[0m [94mAS[0m [37m"Lead_name"[0m[37m,[0m [37m"Lead"[0m[37m.[0m[37m"email"[0m [94mAS[0m [37m"Lead_email"[0m[37m,[0m [37m"Lead"[0m[37m.[0m[37m"phone"[0m [94mAS[0m [37m"Lead_phone"[0m[37m,[0m [37m"Lead"[0m[37m.[0m[37m"company"[0m [94mAS[0m [37m"Lead_company"[0m[37m,[0m [37m"Lead"[0m[37m.[0m[37m"status"[0m [94mAS[0m [37m"Lead_status"[0m[37m,[0m [37m"Lead"[0m[37m.[0m[37m"source"[0m [94mAS[0m [37m"Lead_source"[0m[37m,[0m [37m"Lead"[0m[37m.[0m[37m"requirement"[0m [94mAS[0m [37m"Lead_requirement"[0m[37m,[0m [37m"Lead"[0m[37m.[0m[37m"budget"[0m [94mAS[0m [37m"Lead_budget"[0m[37m,[0m [37m"Lead"[0m[37m.[0m[37m"location"[0m [94mAS[0m [37m"Lead_location"[0m[37m,[0m [37m"Lead"[0m[37m.[0m[37m"notes"[0m [94mAS[0m [37m"Lead_notes"[0m[37m,[0m [37m"Lead"[0m[37m.[0m[37m"assignedToId"[0m [94mAS[0m [37m"Lead_assignedToId"[0m[37m,[0m [37m"Lead"[0m[37m.[0m[37m"centerId"[0m [94mAS[0m [37m"Lead_centerId"[0m[37m,[0m [37m"Lead"[0m[37m.[0m[37m"customerId"[0m [94mAS[0m [37m"Lead_customerId"[0m[37m,[0m [37m"Lead"[0m[37m.[0m[37m"lastContact"[0m [94mAS[0m [37m"Lead_lastContact"[0m[37m,[0m [37m"Lead"[0m[37m.[0m[37m"createdAt"[0m [94mAS[0m [37m"Lead_createdAt"[0m[37m,[0m [37m"Lead"[0m[37m.[0m[37m"updatedAt"[0m [94mAS[0m [37m"Lead_updatedAt"[0m[37m,[0m [37m"Lead__Lead_assignedTo"[0m[37m.[0m[37m"id"[0m [94mAS[0m [37m"Lead__Lead_assignedTo_id"[0m[37m,[0m [37m"Lead__Lead_assignedTo"[0m[37m.[0m[37m"email"[0m [94mAS[0m [37m"Lead__Lead_assignedTo_email"[0m[37m,[0m [37m"Lead__Lead_assignedTo"[0m[37m.[0m[37m"name"[0m [94mAS[0m [37m"Lead__Lead_assignedTo_name"[0m[37m,[0m [37m"Lead__Lead_assignedTo"[0m[37m.[0m[37m"role"[0m [94mAS[0m [37m"Lead__Lead_assignedTo_role"[0m[37m,[0m [37m"Lead__Lead_assignedTo"[0m[37m.[0m[37m"centerId"[0m [94mAS[0m [37m"Lead__Lead_assignedTo_centerId"[0m[37m,[0m [37m"Lead__Lead_assignedTo"[0m[37m.[0m[37m"settings"[0m [94mAS[0m [37m"Lead__Lead_assignedTo_settings"[0m[37m,[0m [37m"Lead__Lead_assignedTo"[0m[37m.[0m[37m"phone"[0m [94mAS[0m [37m"Lead__Lead_assignedTo_phone"[0m[37m,[0m [37m"Lead__Lead_assignedTo"[0m[37m.[0m[37m"avatar"[0m [94mAS[0m [37m"Lead__Lead_assignedTo_avatar"[0m[37m,[0m [37m"Lead__Lead_assignedTo"[0m[37m.[0m[37m"isActive"[0m [94mAS[0m [37m"Lead__Lead_assignedTo_isActive"[0m[37m,[0m [37m"Lead__Lead_assignedTo"[0m[37m.[0m[37m"lastLogin"[0m [94mAS[0m [37m"Lead__Lead_assignedTo_lastLogin"[0m[37m,[0m [37m"Lead__Lead_assignedTo"[0m[37m.[0m[37m"tokenBalance"[0m [94mAS[0m [37m"Lead__Lead_assignedTo_tokenBalance"[0m[37m,[0m [37m"Lead__Lead_assignedTo"[0m[37m.[0m[37m"deviceToken"[0m [94mAS[0m [37m"Lead__Lead_assignedTo_deviceToken"[0m[37m,[0m [37m"Lead__Lead_assignedTo"[0m[37m.[0m[37m"passwordHash"[0m [94mAS[0m [37m"Lead__Lead_assignedTo_passwordHash"[0m[37m,[0m [37m"Lead__Lead_assignedTo"[0m[37m.[0m[37m"twoFactorEnabled"[0m [94mAS[0m [37m"Lead__Lead_assignedTo_twoFactorEnabled"[0m[37m,[0m [37m"Lead__Lead_assignedTo"[0m[37m.[0m[37m"twoFactorSecret"[0m [94mAS[0m [37m"Lead__Lead_assignedTo_twoFactorSecret"[0m[37m,[0m [37m"Lead__Lead_assignedTo"[0m[37m.[0m[37m"passwordResetToken"[0m [94mAS[0m [37m"Lead__Lead_assignedTo_passwordResetToken"[0m[37m,[0m [37m"Lead__Lead_assignedTo"[0m[37m.[0m[37m"passwordResetExpiresAt"[0m [94mAS[0m [37m"Lead__Lead_assignedTo_passwordResetExpiresAt"[0m[37m,[0m [37m"Lead__Lead_assignedTo"[0m[37m.[0m[37m"emailVerifyToken"[0m [94mAS[0m [37m"Lead__Lead_assignedTo_emailVerifyToken"[0m[37m,[0m [37m"Lead__Lead_assignedTo"[0m[37m.[0m[37m"emailVerifyExpiresAt"[0m [94mAS[0m [37m"Lead__Lead_assignedTo_emailVerifyExpiresAt"[0m[37m,[0m [37m"Lead__Lead_assignedTo"[0m[37m.[0m[37m"emailVerified"[0m [94mAS[0m [37m"Lead__Lead_assignedTo_emailVerified"[0m[37m,[0m [37m"Lead__Lead_assignedTo"[0m[37m.[0m[37m"createdAt"[0m [94mAS[0m [37m"Lead__Lead_assignedTo_createdAt"[0m[37m,[0m [37m"Lead__Lead_assignedTo"[0m[37m.[0m[37m"updatedAt"[0m [94mAS[0m [37m"Lead__Lead_assignedTo_updatedAt"[0m [94mFROM[0m [37m"leads"[0m [37m"Lead"[0m [94mLEFT JOIN[0m [37m"users"[0m [37m"Lead__Lead_assignedTo"[0m [94mON[0m [37m"Lead__Lead_assignedTo"[0m[37m.[0m[37m"id"[0m[37m=[0m[37m"Lead"[0m[37m.[0m[37m"assignedToId"[0m [94mWHERE[0m [37m"Lead"[0m[37m.[0m[37m"id"[0m [94mIN[0m [37m([0m[37m$[0m[32m1[0m[37m)[0m [94mORDER BY[0m [37m"Lead"[0m[37m.[0m[37m"createdAt"[0m [94mDESC[0m [90m-- PARAMETERS: ["916adcbb-1fbb-4021-b0dd-f748cd6f1177"][0m
[90m[4mquery:[24m[39m [94mSELECT DISTINCT[0m [37m"distinctAlias"[0m[37m.[0m[37m"Deposit_id"[0m [94mAS[0m [37m"ids_Deposit_id"[0m[37m,[0m [37m"distinctAlias"[0m[37m.[0m[37m"Deposit_createdAt"[0m [94mFROM[0m [37m([0m[94mSELECT[0m [37m"Deposit"[0m[37m.[0m[37m"id"[0m [94mAS[0m [37m"Deposit_id"[0m[37m,[0m [37m"Deposit"[0m[37m.[0m[37m"customerId"[0m [94mAS[0m [37m"Deposit_customerId"[0m[37m,[0m [37m"Deposit"[0m[37m.[0m[37m"customerName"[0m [94mAS[0m [37m"Deposit_customerName"[0m[37m,[0m [37m"Deposit"[0m[37m.[0m[37m"centerId"[0m [94mAS[0m [37m"Deposit_centerId"[0m[37m,[0m [37m"Deposit"[0m[37m.[0m[37m"amount"[0m [94mAS[0m [37m"Deposit_amount"[0m[37m,[0m [37m"Deposit"[0m[37m.[0m[37m"depositType"[0m [94mAS[0m [37m"Deposit_depositType"[0m[37m,[0m [37m"Deposit"[0m[37m.[0m[37m"status"[0m [94mAS[0m [37m"Deposit_status"[0m[37m,[0m [37m"Deposit"[0m[37m.[0m[37m"referenceNumber"[0m [94mAS[0m [37m"Deposit_referenceNumber"[0m[37m,[0m [37m"Deposit"[0m[37m.[0m[37m"receivedDate"[0m [94mAS[0m [37m"Deposit_receivedDate"[0m[37m,[0m [37m"Deposit"[0m[37m.[0m[37m"releasedDate"[0m [94mAS[0m [37m"Deposit_releasedDate"[0m[37m,[0m [37m"Deposit"[0m[37m.[0m[37m"releaseRequestedDate"[0m [94mAS[0m [37m"Deposit_releaseRequestedDate"[0m[37m,[0m [37m"Deposit"[0m[37m.[0m[37m"releaseReason"[0m [94mAS[0m [37m"Deposit_releaseReason"[0m[37m,[0m [37m"Deposit"[0m[37m.[0m[37m"frozen"[0m [94mAS[0m [37m"Deposit_frozen"[0m[37m,[0m [37m"Deposit"[0m[37m.[0m[37m"notes"[0m [94mAS[0m [37m"Deposit_notes"[0m[37m,[0m [37m"Deposit"[0m[37m.[0m[37m"createdAt"[0m [94mAS[0m [37m"Deposit_createdAt"[0m[37m,[0m [37m"Deposit"[0m[37m.[0m[37m"updatedAt"[0m [94mAS[0m [37m"Deposit_updatedAt"[0m[37m,[0m [37m"Deposit__Deposit_center"[0m[37m.[0m[37m"id"[0m [94mAS[0m [37m"Deposit__Deposit_center_id"[0m[37m,[0m [37m"Deposit__Deposit_center"[0m[37m.[0m[37m"name"[0m [94mAS[0m [37m"Deposit__Deposit_center_name"[0m[37m,[0m [37m"Deposit__Deposit_center"[0m[37m.[0m[37m"locationId"[0m [94mAS[0m [37m"Deposit__Deposit_center_locationId"[0m[37m,[0m [37m"Deposit__Deposit_center"[0m[37m.[0m[37m"status"[0m [94mAS[0m [37m"Deposit__Deposit_center_status"[0m[37m,[0m [37m"Deposit__Deposit_center"[0m[37m.[0m[37m"settings"[0m [94mAS[0m [37m"Deposit__Deposit_center_settings"[0m[37m,[0m [37m"Deposit__Deposit_center"[0m[37m.[0m[37m"owner"[0m [94mAS[0m [37m"Deposit__Deposit_center_owner"[0m[37m,[0m [37m"Deposit__Deposit_center"[0m[37m.[0m[37m"createdAt"[0m [94mAS[0m [37m"Deposit__Deposit_center_createdAt"[0m[37m,[0m [37m"Deposit__Deposit_center"[0m[37m.[0m[37m"updatedAt"[0m [94mAS[0m [37m"Deposit__Deposit_center_updatedAt"[0m[37m,[0m [37m"Deposit__Deposit_customer"[0m[37m.[0m[37m"id"[0m [94mAS[0m [37m"Deposit__Deposit_customer_id"[0m[37m,[0m [37m"Deposit__Deposit_customer"[0m[37m.[0m[37m"userId"[0m [94mAS[0m [37m"Deposit__Deposit_customer_userId"[0m[37m,[0m [37m"Deposit__Deposit_customer"[0m[37m.[0m[37m"name"[0m [94mAS[0m [37m"Deposit__Deposit_customer_name"[0m[37m,[0m [37m"Deposit__Deposit_customer"[0m[37m.[0m[37m"email"[0m [94mAS[0m [37m"Deposit__Deposit_customer_email"[0m[37m,[0m [37m"Deposit__Deposit_customer"[0m[37m.[0m[37m"phone"[0m [94mAS[0m [37m"Deposit__Deposit_customer_phone"[0m[37m,[0m [37m"Deposit__Deposit_customer"[0m[37m.[0m[37m"company"[0m [94mAS[0m [37m"Deposit__Deposit_customer_company"[0m[37m,[0m [37m"Deposit__Deposit_customer"[0m[37m.[0m[37m"status"[0m [94mAS[0m [37m"Deposit__Deposit_customer_status"[0m[37m,[0m [37m"Deposit__Deposit_customer"[0m[37m.[0m[37m"totalBookings"[0m [94mAS[0m [37m"Deposit__Deposit_customer_totalBookings"[0m[37m,[0m [37m"Deposit__Deposit_customer"[0m[37m.[0m[37m"totalSpent"[0m [94mAS[0m [37m"Deposit__Deposit_customer_totalSpent"[0m[37m,[0m [37m"Deposit__Deposit_customer"[0m[37m.[0m[37m"lastBooking"[0m [94mAS[0m [37m"Deposit__Deposit_customer_lastBooking"[0m[37m,[0m [37m"Deposit__Deposit_customer"[0m[37m.[0m[37m"centerId"[0m [94mAS[0m [37m"Deposit__Deposit_customer_centerId"[0m[37m,[0m [37m"Deposit__Deposit_customer"[0m[37m.[0m[37m"teamSize"[0m [94mAS[0m [37m"Deposit__Deposit_customer_teamSize"[0m[37m,[0m [37m"Deposit__Deposit_customer"[0m[37m.[0m[37m"location"[0m [94mAS[0m [37m"Deposit__Deposit_customer_location"[0m[37m,[0m [37m"Deposit__Deposit_customer"[0m[37m.[0m[37m"joinDate"[0m [94mAS[0m [37m"Deposit__Deposit_customer_joinDate"[0m[37m,[0m [37m"Deposit__Deposit_customer"[0m[37m.[0m[37m"notes"[0m [94mAS[0m [37m"Deposit__Deposit_customer_notes"[0m[37m,[0m [37m"Deposit__Deposit_customer"[0m[37m.[0m[37m"gstNumber"[0m [94mAS[0m [37m"Deposit__Deposit_customer_gstNumber"[0m[37m,[0m [37m"Deposit__Deposit_customer"[0m[37m.[0m[37m"companyAddress"[0m [94mAS[0m [37m"Deposit__Deposit_customer_companyAddress"[0m[37m,[0m [37m"Deposit__Deposit_customer"[0m[37m.[0m[37m"companyType"[0m [94mAS[0m [37m"Deposit__Deposit_customer_companyType"[0m[37m,[0m [37m"Deposit__Deposit_customer"[0m[37m.[0m[37m"employeeCount"[0m [94mAS[0m [37m"Deposit__Deposit_customer_employeeCount"[0m[37m,[0m [37m"Deposit__Deposit_customer"[0m[37m.[0m[37m"industry"[0m [94mAS[0m [37m"Deposit__Deposit_customer_industry"[0m[37m,[0m [37m"Deposit__Deposit_customer"[0m[37m.[0m[37m"website"[0m [94mAS[0m [37m"Deposit__Deposit_customer_website"[0m[37m,[0m [37m"Deposit__Deposit_customer"[0m[37m.[0m[37m"planType"[0m [94mAS[0m [37m"Deposit__Deposit_customer_planType"[0m[37m,[0m [37m"Deposit__Deposit_customer"[0m[37m.[0m[37m"alternateEmail"[0m [94mAS[0m [37m"Deposit__Deposit_customer_alternateEmail"[0m[37m,[0m [37m"Deposit__Deposit_customer"[0m[37m.[0m[37m"alternatePhone"[0m [94mAS[0m [37m"Deposit__Deposit_customer_alternatePhone"[0m[37m,[0m [37m"Deposit__Deposit_customer"[0m[37m.[0m[37m"dob"[0m [94mAS[0m [37m"Deposit__Deposit_customer_dob"[0m[37m,[0m [37m"Deposit__Deposit_customer"[0m[37m.[0m[37m"emergencyContactName"[0m [94mAS[0m [37m"Deposit__Deposit_customer_emergencyContactName"[0m[37m,[0m [37m"Deposit__Deposit_customer"[0m[37m.[0m[37m"emergencyContactPhone"[0m [94mAS[0m [37m"Deposit__Deposit_customer_emergencyContactPhone"[0m[37m,[0m [37m"Deposit__Deposit_customer"[0m[37m.[0m[37m"communicationChannel"[0m [94mAS[0m [37m"Deposit__Deposit_customer_communicationChannel"[0m[37m,[0m [37m"Deposit__Deposit_customer"[0m[37m.[0m[37m"createdAt"[0m [94mAS[0m [37m"Deposit__Deposit_customer_createdAt"[0m[37m,[0m [37m"Deposit__Deposit_customer"[0m[37m.[0m[37m"updatedAt"[0m [94mAS[0m [37m"Deposit__Deposit_customer_updatedAt"[0m [94mFROM[0m [37m"deposits"[0m [37m"Deposit"[0m [94mLEFT JOIN[0m [37m"centers"[0m [37m"Deposit__Deposit_center"[0m [94mON[0m [37m"Deposit__Deposit_center"[0m[37m.[0m[37m"id"[0m[37m=[0m[37m"Deposit"[0m[37m.[0m[37m"centerId"[0m  [94mLEFT JOIN[0m [37m"customers"[0m [37m"Deposit__Deposit_customer"[0m [94mON[0m [37m"Deposit__Deposit_customer"[0m[37m.[0m[37m"id"[0m[37m=[0m[37m"Deposit"[0m[37m.[0m[37m"customerId"[0m[37m)[0m [37m"distinctAlias"[0m [94mORDER BY[0m [37m"distinctAlias"[0m[37m.[0m[37m"Deposit_createdAt"[0m [94mDESC[0m[37m,[0m [37m"Deposit_id"[0m [94mASC[0m [94mLIMIT[0m [32m50[0m [37mOFFSET[0m [32m0[0m
[90m[4mquery:[24m[39m [94mSELECT[0m [37m"User"[0m[37m.[0m[37m"id"[0m [94mAS[0m [37m"User_id"[0m[37m,[0m [37m"User"[0m[37m.[0m[37m"email"[0m [94mAS[0m [37m"User_email"[0m[37m,[0m [37m"User"[0m[37m.[0m[37m"name"[0m [94mAS[0m [37m"User_name"[0m[37m,[0m [37m"User"[0m[37m.[0m[37m"role"[0m [94mAS[0m [37m"User_role"[0m[37m,[0m [37m"User"[0m[37m.[0m[37m"centerId"[0m [94mAS[0m [37m"User_centerId"[0m[37m,[0m [37m"User"[0m[37m.[0m[37m"settings"[0m [94mAS[0m [37m"User_settings"[0m[37m,[0m [37m"User"[0m[37m.[0m[37m"phone"[0m [94mAS[0m [37m"User_phone"[0m[37m,[0m [37m"User"[0m[37m.[0m[37m"avatar"[0m [94mAS[0m [37m"User_avatar"[0m[37m,[0m [37m"User"[0m[37m.[0m[37m"isActive"[0m [94mAS[0m [37m"User_isActive"[0m[37m,[0m [37m"User"[0m[37m.[0m[37m"lastLogin"[0m [94mAS[0m [37m"User_lastLogin"[0m[37m,[0m [37m"User"[0m[37m.[0m[37m"tokenBalance"[0m [94mAS[0m [37m"User_tokenBalance"[0m[37m,[0m [37m"User"[0m[37m.[0m[37m"deviceToken"[0m [94mAS[0m [37m"User_deviceToken"[0m[37m,[0m [37m"User"[0m[37m.[0m[37m"passwordHash"[0m [94mAS[0m [37m"User_passwordHash"[0m[37m,[0m [37m"User"[0m[37m.[0m[37m"twoFactorEnabled"[0m [94mAS[0m [37m"User_twoFactorEnabled"[0m[37m,[0m [37m"User"[0m[37m.[0m[37m"twoFactorSecret"[0m [94mAS[0m [37m"User_twoFactorSecret"[0m[37m,[0m [37m"User"[0m[37m.[0m[37m"passwordResetToken"[0m [94mAS[0m [37m"User_passwordResetToken"[0m[37m,[0m [37m"User"[0m[37m.[0m[37m"passwordResetExpiresAt"[0m [94mAS[0m [37m"User_passwordResetExpiresAt"[0m[37m,[0m [37m"User"[0m[37m.[0m[37m"emailVerifyToken"[0m [94mAS[0m [37m"User_emailVerifyToken"[0m[37m,[0m [37m"User"[0m[37m.[0m[37m"emailVerifyExpiresAt"[0m [94mAS[0m [37m"User_emailVerifyExpiresAt"[0m[37m,[0m [37m"User"[0m[37m.[0m[37m"emailVerified"[0m [94mAS[0m [37m"User_emailVerified"[0m[37m,[0m [37m"User"[0m[37m.[0m[37m"createdAt"[0m [94mAS[0m [37m"User_createdAt"[0m[37m,[0m [37m"User"[0m[37m.[0m[37m"updatedAt"[0m [94mAS[0m [37m"User_updatedAt"[0m[37m,[0m [37m"User__User_center"[0m[37m.[0m[37m"id"[0m [94mAS[0m [37m"User__User_center_id"[0m[37m,[0m [37m"User__User_center"[0m[37m.[0m[37m"name"[0m [94mAS[0m [37m"User__User_center_name"[0m[37m,[0m [37m"User__User_center"[0m[37m.[0m[37m"locationId"[0m [94mAS[0m [37m"User__User_center_locationId"[0m[37m,[0m [37m"User__User_center"[0m[37m.[0m[37m"status"[0m [94mAS[0m [37m"User__User_center_status"[0m[37m,[0m [37m"User__User_center"[0m[37m.[0m[37m"settings"[0m [94mAS[0m [37m"User__User_center_settings"[0m[37m,[0m [37m"User__User_center"[0m[37m.[0m[37m"owner"[0m [94mAS[0m [37m"User__User_center_owner"[0m[37m,[0m [37m"User__User_center"[0m[37m.[0m[37m"createdAt"[0m [94mAS[0m [37m"User__User_center_createdAt"[0m[37m,[0m [37m"User__User_center"[0m[37m.[0m[37m"updatedAt"[0m [94mAS[0m [37m"User__User_center_updatedAt"[0m [94mFROM[0m [37m"users"[0m [37m"User"[0m [94mLEFT JOIN[0m [37m"centers"[0m [37m"User__User_center"[0m [94mON[0m [37m"User__User_center"[0m[37m.[0m[37m"id"[0m[37m=[0m[37m"User"[0m[37m.[0m[37m"centerId"[0m [94mWHERE[0m [37m([0m [37m([0m[37m([0m[37m"User"[0m[37m.[0m[37m"id"[0m [37m=[0m [37m$[0m[32m1[0m[37m)[0m [94mAND[0m [37m([0m[37m"User"[0m[37m.[0m[37m"isActive"[0m [37m=[0m [37m$[0m[32m2[0m[37m)[0m[37m)[0m [37m)[0m [94mAND[0m [37m([0m [37m"User"[0m[37m.[0m[37m"id"[0m [94mIN[0m [37m([0m[37m$[0m[32m3[0m[37m)[0m [37m)[0m [90m-- PARAMETERS: ["7366405b-a7d3-4b39-8876-ee5e64775438",true,"7366405b-a7d3-4b39-8876-ee5e64775438"][0m
[90m[4mquery:[24m[39m [94mSELECT DISTINCT[0m [37m"distinctAlias"[0m[37m.[0m[37m"Invoice_id"[0m [94mAS[0m [37m"ids_Invoice_id"[0m[37m,[0m [37m"distinctAlias"[0m[37m.[0m[37m"Invoice_createdAt"[0m [94mFROM[0m [37m([0m[94mSELECT[0m [37m"Invoice"[0m[37m.[0m[37m"id"[0m [94mAS[0m [37m"Invoice_id"[0m[37m,[0m [37m"Invoice"[0m[37m.[0m[37m"invoiceNumber"[0m [94mAS[0m [37m"Invoice_invoiceNumber"[0m[37m,[0m [37m"Invoice"[0m[37m.[0m[37m"customerId"[0m [94mAS[0m [37m"Invoice_customerId"[0m[37m,[0m [37m"Invoice"[0m[37m.[0m[37m"customerName"[0m [94mAS[0m [37m"Invoice_customerName"[0m[37m,[0m [37m"Invoice"[0m[37m.[0m[37m"customerEmail"[0m [94mAS[0m [37m"Invoice_customerEmail"[0m[37m,[0m [37m"Invoice"[0m[37m.[0m[37m"centerId"[0m [94mAS[0m [37m"Invoice_centerId"[0m[37m,[0m [37m"Invoice"[0m[37m.[0m[37m"planName"[0m [94mAS[0m [37m"Invoice_planName"[0m[37m,[0m [37m"Invoice"[0m[37m.[0m[37m"amount"[0m [94mAS[0m [37m"Invoice_amount"[0m[37m,[0m [37m"Invoice"[0m[37m.[0m[37m"tax"[0m [94mAS[0m [37m"Invoice_tax"[0m[37m,[0m [37m"Invoice"[0m[37m.[0m[37m"totalAmount"[0m [94mAS[0m [37m"Invoice_totalAmount"[0m[37m,[0m [37m"Invoice"[0m[37m.[0m[37m"status"[0m [94mAS[0m [37m"Invoice_status"[0m[37m,[0m [37m"Invoice"[0m[37m.[0m[37m"issueDate"[0m [94mAS[0m [37m"Invoice_issueDate"[0m[37m,[0m [37m"Invoice"[0m[37m.[0m[37m"dueDate"[0m [94mAS[0m [37m"Invoice_dueDate"[0m[37m,[0m [37m"Invoice"[0m[37m.[0m[37m"paidDate"[0m [94mAS[0m [37m"Invoice_paidDate"[0m[37m,[0m [37m"Invoice"[0m[37m.[0m[37m"paymentMethod"[0m [94mAS[0m [37m"Invoice_paymentMethod"[0m[37m,[0m [37m"Invoice"[0m[37m.[0m[37m"notes"[0m [94mAS[0m [37m"Invoice_notes"[0m[37m,[0m [37m"Invoice"[0m[37m.[0m[37m"contractId"[0m [94mAS[0m [37m"Invoice_contractId"[0m[37m,[0m [37m"Invoice"[0m[37m.[0m[37m"createdAt"[0m [94mAS[0m [37m"Invoice_createdAt"[0m[37m,[0m [37m"Invoice"[0m[37m.[0m[37m"updatedAt"[0m [94mAS[0m [37m"Invoice_updatedAt"[0m[37m,[0m [37m"Invoice__Invoice_center"[0m[37m.[0m[37m"id"[0m [94mAS[0m [37m"Invoice__Invoice_center_id"[0m[37m,[0m [37m"Invoice__Invoice_center"[0m[37m.[0m[37m"name"[0m [94mAS[0m [37m"Invoice__Invoice_center_name"[0m[37m,[0m [37m"Invoice__Invoice_center"[0m[37m.[0m[37m"locationId"[0m [94mAS[0m [37m"Invoice__Invoice_center_locationId"[0m[37m,[0m [37m"Invoice__Invoice_center"[0m[37m.[0m[37m"status"[0m [94mAS[0m [37m"Invoice__Invoice_center_status"[0m[37m,[0m [37m"Invoice__Invoice_center"[0m[37m.[0m[37m"settings"[0m [94mAS[0m [37m"Invoice__Invoice_center_settings"[0m[37m,[0m [37m"Invoice__Invoice_center"[0m[37m.[0m[37m"owner"[0m [94mAS[0m [37m"Invoice__Invoice_center_owner"[0m[37m,[0m [37m"Invoice__Invoice_center"[0m[37m.[0m[37m"createdAt"[0m [94mAS[0m [37m"Invoice__Invoice_center_createdAt"[0m[37m,[0m [37m"Invoice__Invoice_center"[0m[37m.[0m[37m"updatedAt"[0m [94mAS[0m [37m"Invoice__Invoice_center_updatedAt"[0m[37m,[0m [37m"Invoice__Invoice_customer"[0m[37m.[0m[37m"id"[0m [94mAS[0m [37m"Invoice__Invoice_customer_id"[0m[37m,[0m [37m"Invoice__Invoice_customer"[0m[37m.[0m[37m"userId"[0m [94mAS[0m [37m"Invoice__Invoice_customer_userId"[0m[37m,[0m [37m"Invoice__Invoice_customer"[0m[37m.[0m[37m"name"[0m [94mAS[0m [37m"Invoice__Invoice_customer_name"[0m[37m,[0m [37m"Invoice__Invoice_customer"[0m[37m.[0m[37m"email"[0m [94mAS[0m [37m"Invoice__Invoice_customer_email"[0m[37m,[0m [37m"Invoice__Invoice_customer"[0m[37m.[0m[37m"phone"[0m [94mAS[0m [37m"Invoice__Invoice_customer_phone"[0m[37m,[0m [37m"Invoice__Invoice_customer"[0m[37m.[0m[37m"company"[0m [94mAS[0m [37m"Invoice__Invoice_customer_company"[0m[37m,[0m [37m"Invoice__Invoice_customer"[0m[37m.[0m[37m"status"[0m [94mAS[0m [37m"Invoice__Invoice_customer_status"[0m[37m,[0m [37m"Invoice__Invoice_customer"[0m[37m.[0m[37m"totalBookings"[0m [94mAS[0m [37m"Invoice__Invoice_customer_totalBookings"[0m[37m,[0m [37m"Invoice__Invoice_customer"[0m[37m.[0m[37m"totalSpent"[0m [94mAS[0m [37m"Invoice__Invoice_customer_totalSpent"[0m[37m,[0m [37m"Invoice__Invoice_customer"[0m[37m.[0m[37m"lastBooking"[0m [94mAS[0m [37m"Invoice__Invoice_customer_lastBooking"[0m[37m,[0m [37m"Invoice__Invoice_customer"[0m[37m.[0m[37m"centerId"[0m [94mAS[0m [37m"Invoice__Invoice_customer_centerId"[0m[37m,[0m [37m"Invoice__Invoice_customer"[0m[37m.[0m[37m"teamSize"[0m [94mAS[0m [37m"Invoice__Invoice_customer_teamSize"[0m[37m,[0m [37m"Invoice__Invoice_customer"[0m[37m.[0m[37m"location"[0m [94mAS[0m [37m"Invoice__Invoice_customer_location"[0m[37m,[0m [37m"Invoice__Invoice_customer"[0m[37m.[0m[37m"joinDate"[0m [94mAS[0m [37m"Invoice__Invoice_customer_joinDate"[0m[37m,[0m [37m"Invoice__Invoice_customer"[0m[37m.[0m[37m"notes"[0m [94mAS[0m [37m"Invoice__Invoice_customer_notes"[0m[37m,[0m [37m"Invoice__Invoice_customer"[0m[37m.[0m[37m"gstNumber"[0m [94mAS[0m [37m"Invoice__Invoice_customer_gstNumber"[0m[37m,[0m [37m"Invoice__Invoice_customer"[0m[37m.[0m[37m"companyAddress"[0m [94mAS[0m [37m"Invoice__Invoice_customer_companyAddress"[0m[37m,[0m [37m"Invoice__Invoice_customer"[0m[37m.[0m[37m"companyType"[0m [94mAS[0m [37m"Invoice__Invoice_customer_companyType"[0m[37m,[0m [37m"Invoice__Invoice_customer"[0m[37m.[0m[37m"employeeCount"[0m [94mAS[0m [37m"Invoice__Invoice_customer_employeeCount"[0m[37m,[0m [37m"Invoice__Invoice_customer"[0m[37m.[0m[37m"industry"[0m [94mAS[0m [37m"Invoice__Invoice_customer_industry"[0m[37m,[0m [37m"Invoice__Invoice_customer"[0m[37m.[0m[37m"website"[0m [94mAS[0m [37m"Invoice__Invoice_customer_website"[0m[37m,[0m [37m"Invoice__Invoice_customer"[0m[37m.[0m[37m"planType"[0m [94mAS[0m [37m"Invoice__Invoice_customer_planType"[0m[37m,[0m [37m"Invoice__Invoice_customer"[0m[37m.[0m[37m"alternateEmail"[0m [94mAS[0m [37m"Invoice__Invoice_customer_alternateEmail"[0m[37m,[0m [37m"Invoice__Invoice_customer"[0m[37m.[0m[37m"alternatePhone"[0m [94mAS[0m [37m"Invoice__Invoice_customer_alternatePhone"[0m[37m,[0m [37m"Invoice__Invoice_customer"[0m[37m.[0m[37m"dob"[0m [94mAS[0m [37m"Invoice__Invoice_customer_dob"[0m[37m,[0m [37m"Invoice__Invoice_customer"[0m[37m.[0m[37m"emergencyContactName"[0m [94mAS[0m [37m"Invoice__Invoice_customer_emergencyContactName"[0m[37m,[0m [37m"Invoice__Invoice_customer"[0m[37m.[0m[37m"emergencyContactPhone"[0m [94mAS[0m [37m"Invoice__Invoice_customer_emergencyContactPhone"[0m[37m,[0m [37m"Invoice__Invoice_customer"[0m[37m.[0m[37m"communicationChannel"[0m [94mAS[0m [37m"Invoice__Invoice_customer_communicationChannel"[0m[37m,[0m [37m"Invoice__Invoice_customer"[0m[37m.[0m[37m"createdAt"[0m [94mAS[0m [37m"Invoice__Invoice_customer_createdAt"[0m[37m,[0m [37m"Invoice__Invoice_customer"[0m[37m.[0m[37m"updatedAt"[0m [94mAS[0m [37m"Invoice__Invoice_customer_updatedAt"[0m[37m,[0m [37m"Invoice__Invoice_contract"[0m[37m.[0m[37m"id"[0m [94mAS[0m [37m"Invoice__Invoice_contract_id"[0m[37m,[0m [37m"Invoice__Invoice_contract"[0m[37m.[0m[37m"contractNumber"[0m [94mAS[0m [37m"Invoice__Invoice_contract_contractNumber"[0m[37m,[0m [37m"Invoice__Invoice_contract"[0m[37m.[0m[37m"customerId"[0m [94mAS[0m [37m"Invoice__Invoice_contract_customerId"[0m[37m,[0m [37m"Invoice__Invoice_contract"[0m[37m.[0m[37m"customerName"[0m [94mAS[0m [37m"Invoice__Invoice_contract_customerName"[0m[37m,[0m [37m"Invoice__Invoice_contract"[0m[37m.[0m[37m"centerId"[0m [94mAS[0m [37m"Invoice__Invoice_contract_centerId"[0m[37m,[0m [37m"Invoice__Invoice_contract"[0m[37m.[0m[37m"planName"[0m [94mAS[0m [37m"Invoice__Invoice_contract_planName"[0m[37m,[0m [37m"Invoice__Invoice_contract"[0m[37m.[0m[37m"startDate"[0m [94mAS[0m [37m"Invoice__Invoice_contract_startDate"[0m[37m,[0m [37m"Invoice__Invoice_contract"[0m[37m.[0m[37m"endDate"[0m [94mAS[0m [37m"Invoice__Invoice_contract_endDate"[0m[37m,[0m [37m"Invoice__Invoice_contract"[0m[37m.[0m[37m"status"[0m [94mAS[0m [37m"Invoice__Invoice_contract_status"[0m[37m,[0m [37m"Invoice__Invoice_contract"[0m[37m.[0m[37m"amount"[0m [94mAS[0m [37m"Invoice__Invoice_contract_amount"[0m[37m,[0m [37m"Invoice__Invoice_contract"[0m[37m.[0m[37m"paymentFrequency"[0m [94mAS[0m [37m"Invoice__Invoice_contract_paymentFrequency"[0m[37m,[0m [37m"Invoice__Invoice_contract"[0m[37m.[0m[37m"autoRenew"[0m [94mAS[0m [37m"Invoice__Invoice_contract_autoRenew"[0m[37m,[0m [37m"Invoice__Invoice_contract"[0m[37m.[0m[37m"terms"[0m [94mAS[0m [37m"Invoice__Invoice_contract_terms"[0m[37m,[0m [37m"Invoice__Invoice_contract"[0m[37m.[0m[37m"createdAt"[0m [94mAS[0m [37m"Invoice__Invoice_contract_createdAt"[0m[37m,[0m [37m"Invoice__Invoice_contract"[0m[37m.[0m[37m"updatedAt"[0m [94mAS[0m [37m"Invoice__Invoice_contract_updatedAt"[0m [94mFROM[0m [37m"invoices"[0m [37m"Invoice"[0m [94mLEFT JOIN[0m [37m"centers"[0m [37m"Invoice__Invoice_center"[0m [94mON[0m [37m"Invoice__Invoice_center"[0m[37m.[0m[37m"id"[0m[37m=[0m[37m"Invoice"[0m[37m.[0m[37m"centerId"[0m  [94mLEFT JOIN[0m [37m"customers"[0m [37m"Invoice__Invoice_customer"[0m [94mON[0m [37m"Invoice__Invoice_customer"[0m[37m.[0m[37m"id"[0m[37m=[0m[37m"Invoice"[0m[37m.[0m[37m"customerId"[0m  [94mLEFT JOIN[0m [37m"contracts"[0m [37m"Invoice__Invoice_contract"[0m [94mON[0m [37m"Invoice__Invoice_contract"[0m[37m.[0m[37m"id"[0m[37m=[0m[37m"Invoice"[0m[37m.[0m[37m"contractId"[0m[37m)[0m [37m"distinctAlias"[0m [94mORDER BY[0m [37m"distinctAlias"[0m[37m.[0m[37m"Invoice_createdAt"[0m [94mDESC[0m[37m,[0m [37m"Invoice_id"[0m [94mASC[0m [94mLIMIT[0m [32m50[0m [37mOFFSET[0m [32m0[0m
[90m[4mquery:[24m[39m [94mSELECT DISTINCT[0m [37m"distinctAlias"[0m[37m.[0m[37m"Request_id"[0m [94mAS[0m [37m"ids_Request_id"[0m[37m,[0m [37m"distinctAlias"[0m[37m.[0m[37m"Request_createdAt"[0m [94mFROM[0m [37m([0m[94mSELECT[0m [37m"Request"[0m[37m.[0m[37m"id"[0m [94mAS[0m [37m"Request_id"[0m[37m,[0m [37m"Request"[0m[37m.[0m[37m"centerId"[0m [94mAS[0m [37m"Request_centerId"[0m[37m,[0m [37m"Request"[0m[37m.[0m[37m"requestedById"[0m [94mAS[0m [37m"Request_requestedById"[0m[37m,[0m [37m"Request"[0m[37m.[0m[37m"assignedToId"[0m [94mAS[0m [37m"Request_assignedToId"[0m[37m,[0m [37m"Request"[0m[37m.[0m[37m"requestType"[0m [94mAS[0m [37m"Request_requestType"[0m[37m,[0m [37m"Request"[0m[37m.[0m[37m"title"[0m [94mAS[0m [37m"Request_title"[0m[37m,[0m [37m"Request"[0m[37m.[0m[37m"description"[0m [94mAS[0m [37m"Request_description"[0m[37m,[0m [37m"Request"[0m[37m.[0m[37m"urgency"[0m [94mAS[0m [37m"Request_urgency"[0m[37m,[0m [37m"Request"[0m[37m.[0m[37m"status"[0m [94mAS[0m [37m"Request_status"[0m[37m,[0m [37m"Request"[0m[37m.[0m[37m"dueDate"[0m [94mAS[0m [37m"Request_dueDate"[0m[37m,[0m [37m"Request"[0m[37m.[0m[37m"completedDate"[0m [94mAS[0m [37m"Request_completedDate"[0m[37m,[0m [37m"Request"[0m[37m.[0m[37m"resolution"[0m [94mAS[0m [37m"Request_resolution"[0m[37m,[0m [37m"Request"[0m[37m.[0m[37m"cost"[0m [94mAS[0m [37m"Request_cost"[0m[37m,[0m [37m"Request"[0m[37m.[0m[37m"attachedFile"[0m [94mAS[0m [37m"Request_attachedFile"[0m[37m,[0m [37m"Request"[0m[37m.[0m[37m"metadata"[0m [94mAS[0m [37m"Request_metadata"[0m[37m,[0m [37m"Request"[0m[37m.[0m[37m"createdAt"[0m [94mAS[0m [37m"Request_createdAt"[0m[37m,[0m [37m"Request"[0m[37m.[0m[37m"updatedAt"[0m [94mAS[0m [37m"Request_updatedAt"[0m[37m,[0m [37m"Request__Request_center"[0m[37m.[0m[37m"id"[0m [94mAS[0m [37m"Request__Request_center_id"[0m[37m,[0m [37m"Request__Request_center"[0m[37m.[0m[37m"name"[0m [94mAS[0m [37m"Request__Request_center_name"[0m[37m,[0m [37m"Request__Request_center"[0m[37m.[0m[37m"locationId"[0m [94mAS[0m [37m"Request__Request_center_locationId"[0m[37m,[0m [37m"Request__Request_center"[0m[37m.[0m[37m"status"[0m [94mAS[0m [37m"Request__Request_center_status"[0m[37m,[0m [37m"Request__Request_center"[0m[37m.[0m[37m"settings"[0m [94mAS[0m [37m"Request__Request_center_settings"[0m[37m,[0m [37m"Request__Request_center"[0m[37m.[0m[37m"owner"[0m [94mAS[0m [37m"Request__Request_center_owner"[0m[37m,[0m [37m"Request__Request_center"[0m[37m.[0m[37m"createdAt"[0m [94mAS[0m [37m"Request__Request_center_createdAt"[0m[37m,[0m [37m"Request__Request_center"[0m[37m.[0m[37m"updatedAt"[0m [94mAS[0m [37m"Request__Request_center_updatedAt"[0m[37m,[0m [37m"Request__Request_requestedBy"[0m[37m.[0m[37m"id"[0m [94mAS[0m [37m"Request__Request_requestedBy_id"[0m[37m,[0m [37m"Request__Request_requestedBy"[0m[37m.[0m[37m"email"[0m [94mAS[0m [37m"Request__Request_requestedBy_email"[0m[37m,[0m [37m"Request__Request_requestedBy"[0m[37m.[0m[37m"name"[0m [94mAS[0m [37m"Request__Request_requestedBy_name"[0m[37m,[0m [37m"Request__Request_requestedBy"[0m[37m.[0m[37m"role"[0m [94mAS[0m [37m"Request__Request_requestedBy_role"[0m[37m,[0m [37m"Request__Request_requestedBy"[0m[37m.[0m[37m"centerId"[0m [94mAS[0m [37m"Request__Request_requestedBy_centerId"[0m[37m,[0m [37m"Request__Request_requestedBy"[0m[37m.[0m[37m"settings"[0m [94mAS[0m [37m"Request__Request_requestedBy_settings"[0m[37m,[0m [37m"Request__Request_requestedBy"[0m[37m.[0m[37m"phone"[0m [94mAS[0m [37m"Request__Request_requestedBy_phone"[0m[37m,[0m [37m"Request__Request_requestedBy"[0m[37m.[0m[37m"avatar"[0m [94mAS[0m [37m"Request__Request_requestedBy_avatar"[0m[37m,[0m [37m"Request__Request_requestedBy"[0m[37m.[0m[37m"isActive"[0m [94mAS[0m [37m"Request__Request_requestedBy_isActive"[0m[37m,[0m [37m"Request__Request_requestedBy"[0m[37m.[0m[37m"lastLogin"[0m [94mAS[0m [37m"Request__Request_requestedBy_lastLogin"[0m[37m,[0m [37m"Request__Request_requestedBy"[0m[37m.[0m[37m"tokenBalance"[0m [94mAS[0m [37m"Request__Request_requestedBy_tokenBalance"[0m[37m,[0m [37m"Request__Request_requestedBy"[0m[37m.[0m[37m"deviceToken"[0m [94mAS[0m [37m"Request__Request_requestedBy_deviceToken"[0m[37m,[0m [37m"Request__Request_requestedBy"[0m[37m.[0m[37m"passwordHash"[0m [94mAS[0m [37m"Request__Request_requestedBy_passwordHash"[0m[37m,[0m [37m"Request__Request_requestedBy"[0m[37m.[0m[37m"twoFactorEnabled"[0m [94mAS[0m [37m"Request__Request_requestedBy_twoFactorEnabled"[0m[37m,[0m [37m"Request__Request_requestedBy"[0m[37m.[0m[37m"twoFactorSecret"[0m [94mAS[0m [37m"Request__Request_requestedBy_twoFactorSecret"[0m[37m,[0m [37m"Request__Request_requestedBy"[0m[37m.[0m[37m"passwordResetToken"[0m [94mAS[0m [37m"Request__Request_requestedBy_passwordResetToken"[0m[37m,[0m [37m"Request__Request_requestedBy"[0m[37m.[0m[37m"passwordResetExpiresAt"[0m [94mAS[0m [37m"Request__Request_requestedBy_passwordResetExpiresAt"[0m[37m,[0m [37m"Request__Request_requestedBy"[0m[37m.[0m[37m"emailVerifyToken"[0m [94mAS[0m [37m"Request__Request_requestedBy_emailVerifyToken"[0m[37m,[0m [37m"Request__Request_requestedBy"[0m[37m.[0m[37m"emailVerifyExpiresAt"[0m [94mAS[0m [37m"Request__Request_requestedBy_emailVerifyExpiresAt"[0m[37m,[0m [37m"Request__Request_requestedBy"[0m[37m.[0m[37m"emailVerified"[0m [94mAS[0m [37m"Request__Request_requestedBy_emailVerified"[0m[37m,[0m [37m"Request__Request_requestedBy"[0m[37m.[0m[37m"createdAt"[0m [94mAS[0m [37m"Request__Request_requestedBy_createdAt"[0m[37m,[0m [37m"Request__Request_requestedBy"[0m[37m.[0m[37m"updatedAt"[0m [94mAS[0m [37m"Request__Request_requestedBy_updatedAt"[0m[37m,[0m [37m"Request__Request_assignedTo"[0m[37m.[0m[37m"id"[0m [94mAS[0m [37m"Request__Request_assignedTo_id"[0m[37m,[0m [37m"Request__Request_assignedTo"[0m[37m.[0m[37m"email"[0m [94mAS[0m [37m"Request__Request_assignedTo_email"[0m[37m,[0m [37m"Request__Request_assignedTo"[0m[37m.[0m[37m"name"[0m [94mAS[0m [37m"Request__Request_assignedTo_name"[0m[37m,[0m [37m"Request__Request_assignedTo"[0m[37m.[0m[37m"role"[0m [94mAS[0m [37m"Request__Request_assignedTo_role"[0m[37m,[0m [37m"Request__Request_assignedTo"[0m[37m.[0m[37m"centerId"[0m [94mAS[0m [37m"Request__Request_assignedTo_centerId"[0m[37m,[0m [37m"Request__Request_assignedTo"[0m[37m.[0m[37m"settings"[0m [94mAS[0m [37m"Request__Request_assignedTo_settings"[0m[37m,[0m [37m"Request__Request_assignedTo"[0m[37m.[0m[37m"phone"[0m [94mAS[0m [37m"Request__Request_assignedTo_phone"[0m[37m,[0m [37m"Request__Request_assignedTo"[0m[37m.[0m[37m"avatar"[0m [94mAS[0m [37m"Request__Request_assignedTo_avatar"[0m[37m,[0m [37m"Request__Request_assignedTo"[0m[37m.[0m[37m"isActive"[0m [94mAS[0m [37m"Request__Request_assignedTo_isActive"[0m[37m,[0m [37m"Request__Request_assignedTo"[0m[37m.[0m[37m"lastLogin"[0m [94mAS[0m [37m"Request__Request_assignedTo_lastLogin"[0m[37m,[0m [37m"Request__Request_assignedTo"[0m[37m.[0m[37m"tokenBalance"[0m [94mAS[0m [37m"Request__Request_assignedTo_tokenBalance"[0m[37m,[0m [37m"Request__Request_assignedTo"[0m[37m.[0m[37m"deviceToken"[0m [94mAS[0m [37m"Request__Request_assignedTo_deviceToken"[0m[37m,[0m [37m"Request__Request_assignedTo"[0m[37m.[0m[37m"passwordHash"[0m [94mAS[0m [37m"Request__Request_assignedTo_passwordHash"[0m[37m,[0m [37m"Request__Request_assignedTo"[0m[37m.[0m[37m"twoFactorEnabled"[0m [94mAS[0m [37m"Request__Request_assignedTo_twoFactorEnabled"[0m[37m,[0m [37m"Request__Request_assignedTo"[0m[37m.[0m[37m"twoFactorSecret"[0m [94mAS[0m [37m"Request__Request_assignedTo_twoFactorSecret"[0m[37m,[0m [37m"Request__Request_assignedTo"[0m[37m.[0m[37m"passwordResetToken"[0m [94mAS[0m [37m"Request__Request_assignedTo_passwordResetToken"[0m[37m,[0m [37m"Request__Request_assignedTo"[0m[37m.[0m[37m"passwordResetExpiresAt"[0m [94mAS[0m [37m"Request__Request_assignedTo_passwordResetExpiresAt"[0m[37m,[0m [37m"Request__Request_assignedTo"[0m[37m.[0m[37m"emailVerifyToken"[0m [94mAS[0m [37m"Request__Request_assignedTo_emailVerifyToken"[0m[37m,[0m [37m"Request__Request_assignedTo"[0m[37m.[0m[37m"emailVerifyExpiresAt"[0m [94mAS[0m [37m"Request__Request_assignedTo_emailVerifyExpiresAt"[0m[37m,[0m [37m"Request__Request_assignedTo"[0m[37m.[0m[37m"emailVerified"[0m [94mAS[0m [37m"Request__Request_assignedTo_emailVerified"[0m[37m,[0m [37m"Request__Request_assignedTo"[0m[37m.[0m[37m"createdAt"[0m [94mAS[0m [37m"Request__Request_assignedTo_createdAt"[0m[37m,[0m [37m"Request__Request_assignedTo"[0m[37m.[0m[37m"updatedAt"[0m [94mAS[0m [37m"Request__Request_assignedTo_updatedAt"[0m [94mFROM[0m [37m"requests"[0m [37m"Request"[0m [94mLEFT JOIN[0m [37m"centers"[0m [37m"Request__Request_center"[0m [94mON[0m [37m"Request__Request_center"[0m[37m.[0m[37m"id"[0m[37m=[0m[37m"Request"[0m[37m.[0m[37m"centerId"[0m  [94mLEFT JOIN[0m [37m"users"[0m [37m"Request__Request_requestedBy"[0m [94mON[0m [37m"Request__Request_requestedBy"[0m[37m.[0m[37m"id"[0m[37m=[0m[37m"Request"[0m[37m.[0m[37m"requestedById"[0m  [94mLEFT JOIN[0m [37m"users"[0m [37m"Request__Request_assignedTo"[0m [94mON[0m [37m"Request__Request_assignedTo"[0m[37m.[0m[37m"id"[0m[37m=[0m[37m"Request"[0m[37m.[0m[37m"assignedToId"[0m [94mWHERE[0m [37m([0m[37m([0m[37m"Request"[0m[37m.[0m[37m"status"[0m [37m=[0m [37m$[0m[32m1[0m[37m)[0m[37m)[0m[37m)[0m [37m"distinctAlias"[0m [94mORDER BY[0m [37m"distinctAlias"[0m[37m.[0m[37m"Request_createdAt"[0m [94mDESC[0m[37m,[0m [37m"Request_id"[0m [94mASC[0m [94mLIMIT[0m [32m50[0m [37mOFFSET[0m [32m0[0m [90m-- PARAMETERS: ["PENDING"][0m
[90m[4mquery:[24m[39m [94mSELECT[0m [37m"Invoice"[0m[37m.[0m[37m"id"[0m [94mAS[0m [37m"Invoice_id"[0m[37m,[0m [37m"Invoice"[0m[37m.[0m[37m"invoiceNumber"[0m [94mAS[0m [37m"Invoice_invoiceNumber"[0m[37m,[0m [37m"Invoice"[0m[37m.[0m[37m"customerId"[0m [94mAS[0m [37m"Invoice_customerId"[0m[37m,[0m [37m"Invoice"[0m[37m.[0m[37m"customerName"[0m [94mAS[0m [37m"Invoice_customerName"[0m[37m,[0m [37m"Invoice"[0m[37m.[0m[37m"customerEmail"[0m [94mAS[0m [37m"Invoice_customerEmail"[0m[37m,[0m [37m"Invoice"[0m[37m.[0m[37m"centerId"[0m [94mAS[0m [37m"Invoice_centerId"[0m[37m,[0m [37m"Invoice"[0m[37m.[0m[37m"planName"[0m [94mAS[0m [37m"Invoice_planName"[0m[37m,[0m [37m"Invoice"[0m[37m.[0m[37m"amount"[0m [94mAS[0m [37m"Invoice_amount"[0m[37m,[0m [37m"Invoice"[0m[37m.[0m[37m"tax"[0m [94mAS[0m [37m"Invoice_tax"[0m[37m,[0m [37m"Invoice"[0m[37m.[0m[37m"totalAmount"[0m [94mAS[0m [37m"Invoice_totalAmount"[0m[37m,[0m [37m"Invoice"[0m[37m.[0m[37m"status"[0m [94mAS[0m [37m"Invoice_status"[0m[37m,[0m [37m"Invoice"[0m[37m.[0m[37m"issueDate"[0m [94mAS[0m [37m"Invoice_issueDate"[0m[37m,[0m [37m"Invoice"[0m[37m.[0m[37m"dueDate"[0m [94mAS[0m [37m"Invoice_dueDate"[0m[37m,[0m [37m"Invoice"[0m[37m.[0m[37m"paidDate"[0m [94mAS[0m [37m"Invoice_paidDate"[0m[37m,[0m [37m"Invoice"[0m[37m.[0m[37m"paymentMethod"[0m [94mAS[0m [37m"Invoice_paymentMethod"[0m[37m,[0m [37m"Invoice"[0m[37m.[0m[37m"notes"[0m [94mAS[0m [37m"Invoice_notes"[0m[37m,[0m [37m"Invoice"[0m[37m.[0m[37m"contractId"[0m [94mAS[0m [37m"Invoice_contractId"[0m[37m,[0m [37m"Invoice"[0m[37m.[0m[37m"createdAt"[0m [94mAS[0m [37m"Invoice_createdAt"[0m[37m,[0m [37m"Invoice"[0m[37m.[0m[37m"updatedAt"[0m [94mAS[0m [37m"Invoice_updatedAt"[0m[37m,[0m [37m"Invoice__Invoice_center"[0m[37m.[0m[37m"id"[0m [94mAS[0m [37m"Invoice__Invoice_center_id"[0m[37m,[0m [37m"Invoice__Invoice_center"[0m[37m.[0m[37m"name"[0m [94mAS[0m [37m"Invoice__Invoice_center_name"[0m[37m,[0m [37m"Invoice__Invoice_center"[0m[37m.[0m[37m"locationId"[0m [94mAS[0m [37m"Invoice__Invoice_center_locationId"[0m[37m,[0m [37m"Invoice__Invoice_center"[0m[37m.[0m[37m"status"[0m [94mAS[0m [37m"Invoice__Invoice_center_status"[0m[37m,[0m [37m"Invoice__Invoice_center"[0m[37m.[0m[37m"settings"[0m [94mAS[0m [37m"Invoice__Invoice_center_settings"[0m[37m,[0m [37m"Invoice__Invoice_center"[0m[37m.[0m[37m"owner"[0m [94mAS[0m [37m"Invoice__Invoice_center_owner"[0m[37m,[0m [37m"Invoice__Invoice_center"[0m[37m.[0m[37m"createdAt"[0m [94mAS[0m [37m"Invoice__Invoice_center_createdAt"[0m[37m,[0m [37m"Invoice__Invoice_center"[0m[37m.[0m[37m"updatedAt"[0m [94mAS[0m [37m"Invoice__Invoice_center_updatedAt"[0m[37m,[0m [37m"Invoice__Invoice_customer"[0m[37m.[0m[37m"id"[0m [94mAS[0m [37m"Invoice__Invoice_customer_id"[0m[37m,[0m [37m"Invoice__Invoice_customer"[0m[37m.[0m[37m"userId"[0m [94mAS[0m [37m"Invoice__Invoice_customer_userId"[0m[37m,[0m [37m"Invoice__Invoice_customer"[0m[37m.[0m[37m"name"[0m [94mAS[0m [37m"Invoice__Invoice_customer_name"[0m[37m,[0m [37m"Invoice__Invoice_customer"[0m[37m.[0m[37m"email"[0m [94mAS[0m [37m"Invoice__Invoice_customer_email"[0m[37m,[0m [37m"Invoice__Invoice_customer"[0m[37m.[0m[37m"phone"[0m [94mAS[0m [37m"Invoice__Invoice_customer_phone"[0m[37m,[0m [37m"Invoice__Invoice_customer"[0m[37m.[0m[37m"company"[0m [94mAS[0m [37m"Invoice__Invoice_customer_company"[0m[37m,[0m [37m"Invoice__Invoice_customer"[0m[37m.[0m[37m"status"[0m [94mAS[0m [37m"Invoice__Invoice_customer_status"[0m[37m,[0m [37m"Invoice__Invoice_customer"[0m[37m.[0m[37m"totalBookings"[0m [94mAS[0m [37m"Invoice__Invoice_customer_totalBookings"[0m[37m,[0m [37m"Invoice__Invoice_customer"[0m[37m.[0m[37m"totalSpent"[0m [94mAS[0m [37m"Invoice__Invoice_customer_totalSpent"[0m[37m,[0m [37m"Invoice__Invoice_customer"[0m[37m.[0m[37m"lastBooking"[0m [94mAS[0m [37m"Invoice__Invoice_customer_lastBooking"[0m[37m,[0m [37m"Invoice__Invoice_customer"[0m[37m.[0m[37m"centerId"[0m [94mAS[0m [37m"Invoice__Invoice_customer_centerId"[0m[37m,[0m [37m"Invoice__Invoice_customer"[0m[37m.[0m[37m"teamSize"[0m [94mAS[0m [37m"Invoice__Invoice_customer_teamSize"[0m[37m,[0m [37m"Invoice__Invoice_customer"[0m[37m.[0m[37m"location"[0m [94mAS[0m [37m"Invoice__Invoice_customer_location"[0m[37m,[0m [37m"Invoice__Invoice_customer"[0m[37m.[0m[37m"joinDate"[0m [94mAS[0m [37m"Invoice__Invoice_customer_joinDate"[0m[37m,[0m [37m"Invoice__Invoice_customer"[0m[37m.[0m[37m"notes"[0m [94mAS[0m [37m"Invoice__Invoice_customer_notes"[0m[37m,[0m [37m"Invoice__Invoice_customer"[0m[37m.[0m[37m"gstNumber"[0m [94mAS[0m [37m"Invoice__Invoice_customer_gstNumber"[0m[37m,[0m [37m"Invoice__Invoice_customer"[0m[37m.[0m[37m"companyAddress"[0m [94mAS[0m [37m"Invoice__Invoice_customer_companyAddress"[0m[37m,[0m [37m"Invoice__Invoice_customer"[0m[37m.[0m[37m"companyType"[0m [94mAS[0m [37m"Invoice__Invoice_customer_companyType"[0m[37m,[0m [37m"Invoice__Invoice_customer"[0m[37m.[0m[37m"employeeCount"[0m [94mAS[0m [37m"Invoice__Invoice_customer_employeeCount"[0m[37m,[0m [37m"Invoice__Invoice_customer"[0m[37m.[0m[37m"industry"[0m [94mAS[0m [37m"Invoice__Invoice_customer_industry"[0m[37m,[0m [37m"Invoice__Invoice_customer"[0m[37m.[0m[37m"website"[0m [94mAS[0m [37m"Invoice__Invoice_customer_website"[0m[37m,[0m [37m"Invoice__Invoice_customer"[0m[37m.[0m[37m"planType"[0m [94mAS[0m [37m"Invoice__Invoice_customer_planType"[0m[37m,[0m [37m"Invoice__Invoice_customer"[0m[37m.[0m[37m"alternateEmail"[0m [94mAS[0m [37m"Invoice__Invoice_customer_alternateEmail"[0m[37m,[0m [37m"Invoice__Invoice_customer"[0m[37m.[0m[37m"alternatePhone"[0m [94mAS[0m [37m"Invoice__Invoice_customer_alternatePhone"[0m[37m,[0m [37m"Invoice__Invoice_customer"[0m[37m.[0m[37m"dob"[0m [94mAS[0m [37m"Invoice__Invoice_customer_dob"[0m[37m,[0m [37m"Invoice__Invoice_customer"[0m[37m.[0m[37m"emergencyContactName"[0m [94mAS[0m [37m"Invoice__Invoice_customer_emergencyContactName"[0m[37m,[0m [37m"Invoice__Invoice_customer"[0m[37m.[0m[37m"emergencyContactPhone"[0m [94mAS[0m [37m"Invoice__Invoice_customer_emergencyContactPhone"[0m[37m,[0m [37m"Invoice__Invoice_customer"[0m[37m.[0m[37m"communicationChannel"[0m [94mAS[0m [37m"Invoice__Invoice_customer_communicationChannel"[0m[37m,[0m [37m"Invoice__Invoice_customer"[0m[37m.[0m[37m"createdAt"[0m [94mAS[0m [37m"Invoice__Invoice_customer_createdAt"[0m[37m,[0m [37m"Invoice__Invoice_customer"[0m[37m.[0m[37m"updatedAt"[0m [94mAS[0m [37m"Invoice__Invoice_customer_updatedAt"[0m[37m,[0m [37m"Invoice__Invoice_contract"[0m[37m.[0m[37m"id"[0m [94mAS[0m [37m"Invoice__Invoice_contract_id"[0m[37m,[0m [37m"Invoice__Invoice_contract"[0m[37m.[0m[37m"contractNumber"[0m [94mAS[0m [37m"Invoice__Invoice_contract_contractNumber"[0m[37m,[0m [37m"Invoice__Invoice_contract"[0m[37m.[0m[37m"customerId"[0m [94mAS[0m [37m"Invoice__Invoice_contract_customerId"[0m[37m,[0m [37m"Invoice__Invoice_contract"[0m[37m.[0m[37m"customerName"[0m [94mAS[0m [37m"Invoice__Invoice_contract_customerName"[0m[37m,[0m [37m"Invoice__Invoice_contract"[0m[37m.[0m[37m"centerId"[0m [94mAS[0m [37m"Invoice__Invoice_contract_centerId"[0m[37m,[0m [37m"Invoice__Invoice_contract"[0m[37m.[0m[37m"planName"[0m [94mAS[0m [37m"Invoice__Invoice_contract_planName"[0m[37m,[0m [37m"Invoice__Invoice_contract"[0m[37m.[0m[37m"startDate"[0m [94mAS[0m [37m"Invoice__Invoice_contract_startDate"[0m[37m,[0m [37m"Invoice__Invoice_contract"[0m[37m.[0m[37m"endDate"[0m [94mAS[0m [37m"Invoice__Invoice_contract_endDate"[0m[37m,[0m [37m"Invoice__Invoice_contract"[0m[37m.[0m[37m"status"[0m [94mAS[0m [37m"Invoice__Invoice_contract_status"[0m[37m,[0m [37m"Invoice__Invoice_contract"[0m[37m.[0m[37m"amount"[0m [94mAS[0m [37m"Invoice__Invoice_contract_amount"[0m[37m,[0m [37m"Invoice__Invoice_contract"[0m[37m.[0m[37m"paymentFrequency"[0m [94mAS[0m [37m"Invoice__Invoice_contract_paymentFrequency"[0m[37m,[0m [37m"Invoice__Invoice_contract"[0m[37m.[0m[37m"autoRenew"[0m [94mAS[0m [37m"Invoice__Invoice_contract_autoRenew"[0m[37m,[0m [37m"Invoice__Invoice_contract"[0m[37m.[0m[37m"terms"[0m [94mAS[0m [37m"Invoice__Invoice_contract_terms"[0m[37m,[0m [37m"Invoice__Invoice_contract"[0m[37m.[0m[37m"createdAt"[0m [94mAS[0m [37m"Invoice__Invoice_contract_createdAt"[0m[37m,[0m [37m"Invoice__Invoice_contract"[0m[37m.[0m[37m"updatedAt"[0m [94mAS[0m [37m"Invoice__Invoice_contract_updatedAt"[0m [94mFROM[0m [37m"invoices"[0m [37m"Invoice"[0m [94mLEFT JOIN[0m [37m"centers"[0m [37m"Invoice__Invoice_center"[0m [94mON[0m [37m"Invoice__Invoice_center"[0m[37m.[0m[37m"id"[0m[37m=[0m[37m"Invoice"[0m[37m.[0m[37m"centerId"[0m  [94mLEFT JOIN[0m [37m"customers"[0m [37m"Invoice__Invoice_customer"[0m [94mON[0m [37m"Invoice__Invoice_customer"[0m[37m.[0m[37m"id"[0m[37m=[0m[37m"Invoice"[0m[37m.[0m[37m"customerId"[0m  [94mLEFT JOIN[0m [37m"contracts"[0m [37m"Invoice__Invoice_contract"[0m [94mON[0m [37m"Invoice__Invoice_contract"[0m[37m.[0m[37m"id"[0m[37m=[0m[37m"Invoice"[0m[37m.[0m[37m"contractId"[0m [94mWHERE[0m [37m"Invoice"[0m[37m.[0m[37m"id"[0m [94mIN[0m [37m([0m[37m$[0m[32m1[0m[37m,[0m [37m$[0m[32m2[0m[37m,[0m [37m$[0m[32m3[0m[37m)[0m [94mORDER BY[0m [37m"Invoice"[0m[37m.[0m[37m"createdAt"[0m [94mDESC[0m [90m-- PARAMETERS: ["d0bdd0d0-e909-4872-bd62-40dd35e532b0","7f92dd38-afb5-473f-97d0-47507fa806ae","9d17cae5-e6f9-4ff3-8a1f-d4c0cd12cf9d"][0m
[90m[4mquery:[24m[39m [94mSELECT DISTINCT[0m [37m"distinctAlias"[0m[37m.[0m[37m"User_id"[0m [94mAS[0m [37m"ids_User_id"[0m [94mFROM[0m [37m([0m[94mSELECT[0m [37m"User"[0m[37m.[0m[37m"id"[0m [94mAS[0m [37m"User_id"[0m[37m,[0m [37m"User"[0m[37m.[0m[37m"email"[0m [94mAS[0m [37m"User_email"[0m[37m,[0m [37m"User"[0m[37m.[0m[37m"name"[0m [94mAS[0m [37m"User_name"[0m[37m,[0m [37m"User"[0m[37m.[0m[37m"role"[0m [94mAS[0m [37m"User_role"[0m[37m,[0m [37m"User"[0m[37m.[0m[37m"centerId"[0m [94mAS[0m [37m"User_centerId"[0m[37m,[0m [37m"User"[0m[37m.[0m[37m"settings"[0m [94mAS[0m [37m"User_settings"[0m[37m,[0m [37m"User"[0m[37m.[0m[37m"phone"[0m [94mAS[0m [37m"User_phone"[0m[37m,[0m [37m"User"[0m[37m.[0m[37m"avatar"[0m [94mAS[0m [37m"User_avatar"[0m[37m,[0m [37m"User"[0m[37m.[0m[37m"isActive"[0m [94mAS[0m [37m"User_isActive"[0m[37m,[0m [37m"User"[0m[37m.[0m[37m"lastLogin"[0m [94mAS[0m [37m"User_lastLogin"[0m[37m,[0m [37m"User"[0m[37m.[0m[37m"tokenBalance"[0m [94mAS[0m [37m"User_tokenBalance"[0m[37m,[0m [37m"User"[0m[37m.[0m[37m"deviceToken"[0m [94mAS[0m [37m"User_deviceToken"[0m[37m,[0m [37m"User"[0m[37m.[0m[37m"passwordHash"[0m [94mAS[0m [37m"User_passwordHash"[0m[37m,[0m [37m"User"[0m[37m.[0m[37m"twoFactorEnabled"[0m [94mAS[0m [37m"User_twoFactorEnabled"[0m[37m,[0m [37m"User"[0m[37m.[0m[37m"twoFactorSecret"[0m [94mAS[0m [37m"User_twoFactorSecret"[0m[37m,[0m [37m"User"[0m[37m.[0m[37m"passwordResetToken"[0m [94mAS[0m [37m"User_passwordResetToken"[0m[37m,[0m [37m"User"[0m[37m.[0m[37m"passwordResetExpiresAt"[0m [94mAS[0m [37m"User_passwordResetExpiresAt"[0m[37m,[0m [37m"User"[0m[37m.[0m[37m"emailVerifyToken"[0m [94mAS[0m [37m"User_emailVerifyToken"[0m[37m,[0m [37m"User"[0m[37m.[0m[37m"emailVerifyExpiresAt"[0m [94mAS[0m [37m"User_emailVerifyExpiresAt"[0m[37m,[0m [37m"User"[0m[37m.[0m[37m"emailVerified"[0m [94mAS[0m [37m"User_emailVerified"[0m[37m,[0m [37m"User"[0m[37m.[0m[37m"createdAt"[0m [94mAS[0m [37m"User_createdAt"[0m[37m,[0m [37m"User"[0m[37m.[0m[37m"updatedAt"[0m [94mAS[0m [37m"User_updatedAt"[0m[37m,[0m [37m"User__User_center"[0m[37m.[0m[37m"id"[0m [94mAS[0m [37m"User__User_center_id"[0m[37m,[0m [37m"User__User_center"[0m[37m.[0m[37m"name"[0m [94mAS[0m [37m"User__User_center_name"[0m[37m,[0m [37m"User__User_center"[0m[37m.[0m[37m"locationId"[0m [94mAS[0m [37m"User__User_center_locationId"[0m[37m,[0m [37m"User__User_center"[0m[37m.[0m[37m"status"[0m [94mAS[0m [37m"User__User_center_status"[0m[37m,[0m [37m"User__User_center"[0m[37m.[0m[37m"settings"[0m [94mAS[0m [37m"User__User_center_settings"[0m[37m,[0m [37m"User__User_center"[0m[37m.[0m[37m"owner"[0m [94mAS[0m [37m"User__User_center_owner"[0m[37m,[0m [37m"User__User_center"[0m[37m.[0m[37m"createdAt"[0m [94mAS[0m [37m"User__User_center_createdAt"[0m[37m,[0m [37m"User__User_center"[0m[37m.[0m[37m"updatedAt"[0m [94mAS[0m [37m"User__User_center_updatedAt"[0m [94mFROM[0m [37m"users"[0m [37m"User"[0m [94mLEFT JOIN[0m [37m"centers"[0m [37m"User__User_center"[0m [94mON[0m [37m"User__User_center"[0m[37m.[0m[37m"id"[0m[37m=[0m[37m"User"[0m[37m.[0m[37m"centerId"[0m [94mWHERE[0m [37m([0m[37m([0m[37m"User"[0m[37m.[0m[37m"id"[0m [37m=[0m [37m$[0m[32m1[0m[37m)[0m [94mAND[0m [37m([0m[37m"User"[0m[37m.[0m[37m"isActive"[0m [37m=[0m [37m$[0m[32m2[0m[37m)[0m[37m)[0m[37m)[0m [37m"distinctAlias"[0m [94mORDER BY[0m [37m"User_id"[0m [94mASC[0m [94mLIMIT[0m [32m1[0m [90m-- PARAMETERS: ["7366405b-a7d3-4b39-8876-ee5e64775438",true][0m
[90m[4mquery:[24m[39m [94mSELECT DISTINCT[0m [37m"distinctAlias"[0m[37m.[0m[37m"User_id"[0m [94mAS[0m [37m"ids_User_id"[0m [94mFROM[0m [37m([0m[94mSELECT[0m [37m"User"[0m[37m.[0m[37m"id"[0m [94mAS[0m [37m"User_id"[0m[37m,[0m [37m"User"[0m[37m.[0m[37m"email"[0m [94mAS[0m [37m"User_email"[0m[37m,[0m [37m"User"[0m[37m.[0m[37m"name"[0m [94mAS[0m [37m"User_name"[0m[37m,[0m [37m"User"[0m[37m.[0m[37m"role"[0m [94mAS[0m [37m"User_role"[0m[37m,[0m [37m"User"[0m[37m.[0m[37m"centerId"[0m [94mAS[0m [37m"User_centerId"[0m[37m,[0m [37m"User"[0m[37m.[0m[37m"settings"[0m [94mAS[0m [37m"User_settings"[0m[37m,[0m [37m"User"[0m[37m.[0m[37m"phone"[0m [94mAS[0m [37m"User_phone"[0m[37m,[0m [37m"User"[0m[37m.[0m[37m"avatar"[0m [94mAS[0m [37m"User_avatar"[0m[37m,[0m [37m"User"[0m[37m.[0m[37m"isActive"[0m [94mAS[0m [37m"User_isActive"[0m[37m,[0m [37m"User"[0m[37m.[0m[37m"lastLogin"[0m [94mAS[0m [37m"User_lastLogin"[0m[37m,[0m [37m"User"[0m[37m.[0m[37m"tokenBalance"[0m [94mAS[0m [37m"User_tokenBalance"[0m[37m,[0m [37m"User"[0m[37m.[0m[37m"deviceToken"[0m [94mAS[0m [37m"User_deviceToken"[0m[37m,[0m [37m"User"[0m[37m.[0m[37m"passwordHash"[0m [94mAS[0m [37m"User_passwordHash"[0m[37m,[0m [37m"User"[0m[37m.[0m[37m"twoFactorEnabled"[0m [94mAS[0m [37m"User_twoFactorEnabled"[0m[37m,[0m [37m"User"[0m[37m.[0m[37m"twoFactorSecret"[0m [94mAS[0m [37m"User_twoFactorSecret"[0m[37m,[0m [37m"User"[0m[37m.[0m[37m"passwordResetToken"[0m [94mAS[0m [37m"User_passwordResetToken"[0m[37m,[0m [37m"User"[0m[37m.[0m[37m"passwordResetExpiresAt"[0m [94mAS[0m [37m"User_passwordResetExpiresAt"[0m[37m,[0m [37m"User"[0m[37m.[0m[37m"emailVerifyToken"[0m [94mAS[0m [37m"User_emailVerifyToken"[0m[37m,[0m [37m"User"[0m[37m.[0m[37m"emailVerifyExpiresAt"[0m [94mAS[0m [37m"User_emailVerifyExpiresAt"[0m[37m,[0m [37m"User"[0m[37m.[0m[37m"emailVerified"[0m [94mAS[0m [37m"User_emailVerified"[0m[37m,[0m [37m"User"[0m[37m.[0m[37m"createdAt"[0m [94mAS[0m [37m"User_createdAt"[0m[37m,[0m [37m"User"[0m[37m.[0m[37m"updatedAt"[0m [94mAS[0m [37m"User_updatedAt"[0m[37m,[0m [37m"User__User_center"[0m[37m.[0m[37m"id"[0m [94mAS[0m [37m"User__User_center_id"[0m[37m,[0m [37m"User__User_center"[0m[37m.[0m[37m"name"[0m [94mAS[0m [37m"User__User_center_name"[0m[37m,[0m [37m"User__User_center"[0m[37m.[0m[37m"locationId"[0m [94mAS[0m [37m"User__User_center_locationId"[0m[37m,[0m [37m"User__User_center"[0m[37m.[0m[37m"status"[0m [94mAS[0m [37m"User__User_center_status"[0m[37m,[0m [37m"User__User_center"[0m[37m.[0m[37m"settings"[0m [94mAS[0m [37m"User__User_center_settings"[0m[37m,[0m [37m"User__User_center"[0m[37m.[0m[37m"owner"[0m [94mAS[0m [37m"User__User_center_owner"[0m[37m,[0m [37m"User__User_center"[0m[37m.[0m[37m"createdAt"[0m [94mAS[0m [37m"User__User_center_createdAt"[0m[37m,[0m [37m"User__User_center"[0m[37m.[0m[37m"updatedAt"[0m [94mAS[0m [37m"User__User_center_updatedAt"[0m [94mFROM[0m [37m"users"[0m [37m"User"[0m [94mLEFT JOIN[0m [37m"centers"[0m [37m"User__User_center"[0m [94mON[0m [37m"User__User_center"[0m[37m.[0m[37m"id"[0m[37m=[0m[37m"User"[0m[37m.[0m[37m"centerId"[0m [94mWHERE[0m [37m([0m[37m([0m[37m"User"[0m[37m.[0m[37m"id"[0m [37m=[0m [37m$[0m[32m1[0m[37m)[0m [94mAND[0m [37m([0m[37m"User"[0m[37m.[0m[37m"isActive"[0m [37m=[0m [37m$[0m[32m2[0m[37m)[0m[37m)[0m[37m)[0m [37m"distinctAlias"[0m [94mORDER BY[0m [37m"User_id"[0m [94mASC[0m [94mLIMIT[0m [32m1[0m [90m-- PARAMETERS: ["7366405b-a7d3-4b39-8876-ee5e64775438",true][0m
[90m[4mquery:[24m[39m [94mSELECT[0m [37m"User"[0m[37m.[0m[37m"id"[0m [94mAS[0m [37m"User_id"[0m[37m,[0m [37m"User"[0m[37m.[0m[37m"email"[0m [94mAS[0m [37m"User_email"[0m[37m,[0m [37m"User"[0m[37m.[0m[37m"name"[0m [94mAS[0m [37m"User_name"[0m[37m,[0m [37m"User"[0m[37m.[0m[37m"role"[0m [94mAS[0m [37m"User_role"[0m[37m,[0m [37m"User"[0m[37m.[0m[37m"centerId"[0m [94mAS[0m [37m"User_centerId"[0m[37m,[0m [37m"User"[0m[37m.[0m[37m"settings"[0m [94mAS[0m [37m"User_settings"[0m[37m,[0m [37m"User"[0m[37m.[0m[37m"phone"[0m [94mAS[0m [37m"User_phone"[0m[37m,[0m [37m"User"[0m[37m.[0m[37m"avatar"[0m [94mAS[0m [37m"User_avatar"[0m[37m,[0m [37m"User"[0m[37m.[0m[37m"isActive"[0m [94mAS[0m [37m"User_isActive"[0m[37m,[0m [37m"User"[0m[37m.[0m[37m"lastLogin"[0m [94mAS[0m [37m"User_lastLogin"[0m[37m,[0m [37m"User"[0m[37m.[0m[37m"tokenBalance"[0m [94mAS[0m [37m"User_tokenBalance"[0m[37m,[0m [37m"User"[0m[37m.[0m[37m"deviceToken"[0m [94mAS[0m [37m"User_deviceToken"[0m[37m,[0m [37m"User"[0m[37m.[0m[37m"passwordHash"[0m [94mAS[0m [37m"User_passwordHash"[0m[37m,[0m [37m"User"[0m[37m.[0m[37m"twoFactorEnabled"[0m [94mAS[0m [37m"User_twoFactorEnabled"[0m[37m,[0m [37m"User"[0m[37m.[0m[37m"twoFactorSecret"[0m [94mAS[0m [37m"User_twoFactorSecret"[0m[37m,[0m [37m"User"[0m[37m.[0m[37m"passwordResetToken"[0m [94mAS[0m [37m"User_passwordResetToken"[0m[37m,[0m [37m"User"[0m[37m.[0m[37m"passwordResetExpiresAt"[0m [94mAS[0m [37m"User_passwordResetExpiresAt"[0m[37m,[0m [37m"User"[0m[37m.[0m[37m"emailVerifyToken"[0m [94mAS[0m [37m"User_emailVerifyToken"[0m[37m,[0m [37m"User"[0m[37m.[0m[37m"emailVerifyExpiresAt"[0m [94mAS[0m [37m"User_emailVerifyExpiresAt"[0m[37m,[0m [37m"User"[0m[37m.[0m[37m"emailVerified"[0m [94mAS[0m [37m"User_emailVerified"[0m[37m,[0m [37m"User"[0m[37m.[0m[37m"createdAt"[0m [94mAS[0m [37m"User_createdAt"[0m[37m,[0m [37m"User"[0m[37m.[0m[37m"updatedAt"[0m [94mAS[0m [37m"User_updatedAt"[0m[37m,[0m [37m"User__User_center"[0m[37m.[0m[37m"id"[0m [94mAS[0m [37m"User__User_center_id"[0m[37m,[0m [37m"User__User_center"[0m[37m.[0m[37m"name"[0m [94mAS[0m [37m"User__User_center_name"[0m[37m,[0m [37m"User__User_center"[0m[37m.[0m[37m"locationId"[0m [94mAS[0m [37m"User__User_center_locationId"[0m[37m,[0m [37m"User__User_center"[0m[37m.[0m[37m"status"[0m [94mAS[0m [37m"User__User_center_status"[0m[37m,[0m [37m"User__User_center"[0m[37m.[0m[37m"settings"[0m [94mAS[0m [37m"User__User_center_settings"[0m[37m,[0m [37m"User__User_center"[0m[37m.[0m[37m"owner"[0m [94mAS[0m [37m"User__User_center_owner"[0m[37m,[0m [37m"User__User_center"[0m[37m.[0m[37m"createdAt"[0m [94mAS[0m [37m"User__User_center_createdAt"[0m[37m,[0m [37m"User__User_center"[0m[37m.[0m[37m"updatedAt"[0m [94mAS[0m [37m"User__User_center_updatedAt"[0m [94mFROM[0m [37m"users"[0m [37m"User"[0m [94mLEFT JOIN[0m [37m"centers"[0m [37m"User__User_center"[0m [94mON[0m [37m"User__User_center"[0m[37m.[0m[37m"id"[0m[37m=[0m[37m"User"[0m[37m.[0m[37m"centerId"[0m [94mWHERE[0m [37m([0m [37m([0m[37m([0m[37m"User"[0m[37m.[0m[37m"id"[0m [37m=[0m [37m$[0m[32m1[0m[37m)[0m [94mAND[0m [37m([0m[37m"User"[0m[37m.[0m[37m"isActive"[0m [37m=[0m [37m$[0m[32m2[0m[37m)[0m[37m)[0m [37m)[0m [94mAND[0m [37m([0m [37m"User"[0m[37m.[0m[37m"id"[0m [94mIN[0m [37m([0m[37m$[0m[32m3[0m[37m)[0m [37m)[0m [90m-- PARAMETERS: ["7366405b-a7d3-4b39-8876-ee5e64775438",true,"7366405b-a7d3-4b39-8876-ee5e64775438"][0m
[90m[4mquery:[24m[39m [94mSELECT[0m [37m"User"[0m[37m.[0m[37m"id"[0m [94mAS[0m [37m"User_id"[0m[37m,[0m [37m"User"[0m[37m.[0m[37m"email"[0m [94mAS[0m [37m"User_email"[0m[37m,[0m [37m"User"[0m[37m.[0m[37m"name"[0m [94mAS[0m [37m"User_name"[0m[37m,[0m [37m"User"[0m[37m.[0m[37m"role"[0m [94mAS[0m [37m"User_role"[0m[37m,[0m [37m"User"[0m[37m.[0m[37m"centerId"[0m [94mAS[0m [37m"User_centerId"[0m[37m,[0m [37m"User"[0m[37m.[0m[37m"settings"[0m [94mAS[0m [37m"User_settings"[0m[37m,[0m [37m"User"[0m[37m.[0m[37m"phone"[0m [94mAS[0m [37m"User_phone"[0m[37m,[0m [37m"User"[0m[37m.[0m[37m"avatar"[0m [94mAS[0m [37m"User_avatar"[0m[37m,[0m [37m"User"[0m[37m.[0m[37m"isActive"[0m [94mAS[0m [37m"User_isActive"[0m[37m,[0m [37m"User"[0m[37m.[0m[37m"lastLogin"[0m [94mAS[0m [37m"User_lastLogin"[0m[37m,[0m [37m"User"[0m[37m.[0m[37m"tokenBalance"[0m [94mAS[0m [37m"User_tokenBalance"[0m[37m,[0m [37m"User"[0m[37m.[0m[37m"deviceToken"[0m [94mAS[0m [37m"User_deviceToken"[0m[37m,[0m [37m"User"[0m[37m.[0m[37m"passwordHash"[0m [94mAS[0m [37m"User_passwordHash"[0m[37m,[0m [37m"User"[0m[37m.[0m[37m"twoFactorEnabled"[0m [94mAS[0m [37m"User_twoFactorEnabled"[0m[37m,[0m [37m"User"[0m[37m.[0m[37m"twoFactorSecret"[0m [94mAS[0m [37m"User_twoFactorSecret"[0m[37m,[0m [37m"User"[0m[37m.[0m[37m"passwordResetToken"[0m [94mAS[0m [37m"User_passwordResetToken"[0m[37m,[0m [37m"User"[0m[37m.[0m[37m"passwordResetExpiresAt"[0m [94mAS[0m [37m"User_passwordResetExpiresAt"[0m[37m,[0m [37m"User"[0m[37m.[0m[37m"emailVerifyToken"[0m [94mAS[0m [37m"User_emailVerifyToken"[0m[37m,[0m [37m"User"[0m[37m.[0m[37m"emailVerifyExpiresAt"[0m [94mAS[0m [37m"User_emailVerifyExpiresAt"[0m[37m,[0m [37m"User"[0m[37m.[0m[37m"emailVerified"[0m [94mAS[0m [37m"User_emailVerified"[0m[37m,[0m [37m"User"[0m[37m.[0m[37m"createdAt"[0m [94mAS[0m [37m"User_createdAt"[0m[37m,[0m [37m"User"[0m[37m.[0m[37m"updatedAt"[0m [94mAS[0m [37m"User_updatedAt"[0m[37m,[0m [37m"User__User_center"[0m[37m.[0m[37m"id"[0m [94mAS[0m [37m"User__User_center_id"[0m[37m,[0m [37m"User__User_center"[0m[37m.[0m[37m"name"[0m [94mAS[0m [37m"User__User_center_name"[0m[37m,[0m [37m"User__User_center"[0m[37m.[0m[37m"locationId"[0m [94mAS[0m [37m"User__User_center_locationId"[0m[37m,[0m [37m"User__User_center"[0m[37m.[0m[37m"status"[0m [94mAS[0m [37m"User__User_center_status"[0m[37m,[0m [37m"User__User_center"[0m[37m.[0m[37m"settings"[0m [94mAS[0m [37m"User__User_center_settings"[0m[37m,[0m [37m"User__User_center"[0m[37m.[0m[37m"owner"[0m [94mAS[0m [37m"User__User_center_owner"[0m[37m,[0m [37m"User__User_center"[0m[37m.[0m[37m"createdAt"[0m [94mAS[0m [37m"User__User_center_createdAt"[0m[37m,[0m [37m"User__User_center"[0m[37m.[0m[37m"updatedAt"[0m [94mAS[0m [37m"User__User_center_updatedAt"[0m [94mFROM[0m [37m"users"[0m [37m"User"[0m [94mLEFT JOIN[0m [37m"centers"[0m [37m"User__User_center"[0m [94mON[0m [37m"User__User_center"[0m[37m.[0m[37m"id"[0m[37m=[0m[37m"User"[0m[37m.[0m[37m"centerId"[0m [94mWHERE[0m [37m([0m [37m([0m[37m([0m[37m"User"[0m[37m.[0m[37m"id"[0m [37m=[0m [37m$[0m[32m1[0m[37m)[0m [94mAND[0m [37m([0m[37m"User"[0m[37m.[0m[37m"isActive"[0m [37m=[0m [37m$[0m[32m2[0m[37m)[0m[37m)[0m [37m)[0m [94mAND[0m [37m([0m [37m"User"[0m[37m.[0m[37m"id"[0m [94mIN[0m [37m([0m[37m$[0m[32m3[0m[37m)[0m [37m)[0m [90m-- PARAMETERS: ["7366405b-a7d3-4b39-8876-ee5e64775438",true,"7366405b-a7d3-4b39-8876-ee5e64775438"][0m
[90m[4mquery:[24m[39m [94mSELECT DISTINCT[0m [37m"distinctAlias"[0m[37m.[0m[37m"User_id"[0m [94mAS[0m [37m"ids_User_id"[0m [94mFROM[0m [37m([0m[94mSELECT[0m [37m"User"[0m[37m.[0m[37m"id"[0m [94mAS[0m [37m"User_id"[0m[37m,[0m [37m"User"[0m[37m.[0m[37m"email"[0m [94mAS[0m [37m"User_email"[0m[37m,[0m [37m"User"[0m[37m.[0m[37m"name"[0m [94mAS[0m [37m"User_name"[0m[37m,[0m [37m"User"[0m[37m.[0m[37m"role"[0m [94mAS[0m [37m"User_role"[0m[37m,[0m [37m"User"[0m[37m.[0m[37m"centerId"[0m [94mAS[0m [37m"User_centerId"[0m[37m,[0m [37m"User"[0m[37m.[0m[37m"settings"[0m [94mAS[0m [37m"User_settings"[0m[37m,[0m [37m"User"[0m[37m.[0m[37m"phone"[0m [94mAS[0m [37m"User_phone"[0m[37m,[0m [37m"User"[0m[37m.[0m[37m"avatar"[0m [94mAS[0m [37m"User_avatar"[0m[37m,[0m [37m"User"[0m[37m.[0m[37m"isActive"[0m [94mAS[0m [37m"User_isActive"[0m[37m,[0m [37m"User"[0m[37m.[0m[37m"lastLogin"[0m [94mAS[0m [37m"User_lastLogin"[0m[37m,[0m [37m"User"[0m[37m.[0m[37m"tokenBalance"[0m [94mAS[0m [37m"User_tokenBalance"[0m[37m,[0m [37m"User"[0m[37m.[0m[37m"deviceToken"[0m [94mAS[0m [37m"User_deviceToken"[0m[37m,[0m [37m"User"[0m[37m.[0m[37m"passwordHash"[0m [94mAS[0m [37m"User_passwordHash"[0m[37m,[0m [37m"User"[0m[37m.[0m[37m"twoFactorEnabled"[0m [94mAS[0m [37m"User_twoFactorEnabled"[0m[37m,[0m [37m"User"[0m[37m.[0m[37m"twoFactorSecret"[0m [94mAS[0m [37m"User_twoFactorSecret"[0m[37m,[0m [37m"User"[0m[37m.[0m[37m"passwordResetToken"[0m [94mAS[0m [37m"User_passwordResetToken"[0m[37m,[0m [37m"User"[0m[37m.[0m[37m"passwordResetExpiresAt"[0m [94mAS[0m [37m"User_passwordResetExpiresAt"[0m[37m,[0m [37m"User"[0m[37m.[0m[37m"emailVerifyToken"[0m [94mAS[0m [37m"User_emailVerifyToken"[0m[37m,[0m [37m"User"[0m[37m.[0m[37m"emailVerifyExpiresAt"[0m [94mAS[0m [37m"User_emailVerifyExpiresAt"[0m[37m,[0m [37m"User"[0m[37m.[0m[37m"emailVerified"[0m [94mAS[0m [37m"User_emailVerified"[0m[37m,[0m [37m"User"[0m[37m.[0m[37m"createdAt"[0m [94mAS[0m [37m"User_createdAt"[0m[37m,[0m [37m"User"[0m[37m.[0m[37m"updatedAt"[0m [94mAS[0m [37m"User_updatedAt"[0m[37m,[0m [37m"User__User_center"[0m[37m.[0m[37m"id"[0m [94mAS[0m [37m"User__User_center_id"[0m[37m,[0m [37m"User__User_center"[0m[37m.[0m[37m"name"[0m [94mAS[0m [37m"User__User_center_name"[0m[37m,[0m [37m"User__User_center"[0m[37m.[0m[37m"locationId"[0m [94mAS[0m [37m"User__User_center_locationId"[0m[37m,[0m [37m"User__User_center"[0m[37m.[0m[37m"status"[0m [94mAS[0m [37m"User__User_center_status"[0m[37m,[0m [37m"User__User_center"[0m[37m.[0m[37m"settings"[0m [94mAS[0m [37m"User__User_center_settings"[0m[37m,[0m [37m"User__User_center"[0m[37m.[0m[37m"owner"[0m [94mAS[0m [37m"User__User_center_owner"[0m[37m,[0m [37m"User__User_center"[0m[37m.[0m[37m"createdAt"[0m [94mAS[0m [37m"User__User_center_createdAt"[0m[37m,[0m [37m"User__User_center"[0m[37m.[0m[37m"updatedAt"[0m [94mAS[0m [37m"User__User_center_updatedAt"[0m [94mFROM[0m [37m"users"[0m [37m"User"[0m [94mLEFT JOIN[0m [37m"centers"[0m [37m"User__User_center"[0m [94mON[0m [37m"User__User_center"[0m[37m.[0m[37m"id"[0m[37m=[0m[37m"User"[0m[37m.[0m[37m"centerId"[0m [94mWHERE[0m [37m([0m[37m([0m[37m"User"[0m[37m.[0m[37m"id"[0m [37m=[0m [37m$[0m[32m1[0m[37m)[0m [94mAND[0m [37m([0m[37m"User"[0m[37m.[0m[37m"isActive"[0m [37m=[0m [37m$[0m[32m2[0m[37m)[0m[37m)[0m[37m)[0m [37m"distinctAlias"[0m [94mORDER BY[0m [37m"User_id"[0m [94mASC[0m [94mLIMIT[0m [32m1[0m [90m-- PARAMETERS: ["7366405b-a7d3-4b39-8876-ee5e64775438",true][0m
[90m[4mquery:[24m[39m [94mSELECT DISTINCT[0m [37m"distinctAlias"[0m[37m.[0m[37m"User_id"[0m [94mAS[0m [37m"ids_User_id"[0m [94mFROM[0m [37m([0m[94mSELECT[0m [37m"User"[0m[37m.[0m[37m"id"[0m [94mAS[0m [37m"User_id"[0m[37m,[0m [37m"User"[0m[37m.[0m[37m"email"[0m [94mAS[0m [37m"User_email"[0m[37m,[0m [37m"User"[0m[37m.[0m[37m"name"[0m [94mAS[0m [37m"User_name"[0m[37m,[0m [37m"User"[0m[37m.[0m[37m"role"[0m [94mAS[0m [37m"User_role"[0m[37m,[0m [37m"User"[0m[37m.[0m[37m"centerId"[0m [94mAS[0m [37m"User_centerId"[0m[37m,[0m [37m"User"[0m[37m.[0m[37m"settings"[0m [94mAS[0m [37m"User_settings"[0m[37m,[0m [37m"User"[0m[37m.[0m[37m"phone"[0m [94mAS[0m [37m"User_phone"[0m[37m,[0m [37m"User"[0m[37m.[0m[37m"avatar"[0m [94mAS[0m [37m"User_avatar"[0m[37m,[0m [37m"User"[0m[37m.[0m[37m"isActive"[0m [94mAS[0m [37m"User_isActive"[0m[37m,[0m [37m"User"[0m[37m.[0m[37m"lastLogin"[0m [94mAS[0m [37m"User_lastLogin"[0m[37m,[0m [37m"User"[0m[37m.[0m[37m"tokenBalance"[0m [94mAS[0m [37m"User_tokenBalance"[0m[37m,[0m [37m"User"[0m[37m.[0m[37m"deviceToken"[0m [94mAS[0m [37m"User_deviceToken"[0m[37m,[0m [37m"User"[0m[37m.[0m[37m"passwordHash"[0m [94mAS[0m [37m"User_passwordHash"[0m[37m,[0m [37m"User"[0m[37m.[0m[37m"twoFactorEnabled"[0m [94mAS[0m [37m"User_twoFactorEnabled"[0m[37m,[0m [37m"User"[0m[37m.[0m[37m"twoFactorSecret"[0m [94mAS[0m [37m"User_twoFactorSecret"[0m[37m,[0m [37m"User"[0m[37m.[0m[37m"passwordResetToken"[0m [94mAS[0m [37m"User_passwordResetToken"[0m[37m,[0m [37m"User"[0m[37m.[0m[37m"passwordResetExpiresAt"[0m [94mAS[0m [37m"User_passwordResetExpiresAt"[0m[37m,[0m [37m"User"[0m[37m.[0m[37m"emailVerifyToken"[0m [94mAS[0m [37m"User_emailVerifyToken"[0m[37m,[0m [37m"User"[0m[37m.[0m[37m"emailVerifyExpiresAt"[0m [94mAS[0m [37m"User_emailVerifyExpiresAt"[0m[37m,[0m [37m"User"[0m[37m.[0m[37m"emailVerified"[0m [94mAS[0m [37m"User_emailVerified"[0m[37m,[0m [37m"User"[0m[37m.[0m[37m"createdAt"[0m [94mAS[0m [37m"User_createdAt"[0m[37m,[0m [37m"User"[0m[37m.[0m[37m"updatedAt"[0m [94mAS[0m [37m"User_updatedAt"[0m[37m,[0m [37m"User__User_center"[0m[37m.[0m[37m"id"[0m [94mAS[0m [37m"User__User_center_id"[0m[37m,[0m [37m"User__User_center"[0m[37m.[0m[37m"name"[0m [94mAS[0m [37m"User__User_center_name"[0m[37m,[0m [37m"User__User_center"[0m[37m.[0m[37m"locationId"[0m [94mAS[0m [37m"User__User_center_locationId"[0m[37m,[0m [37m"User__User_center"[0m[37m.[0m[37m"status"[0m [94mAS[0m [37m"User__User_center_status"[0m[37m,[0m [37m"User__User_center"[0m[37m.[0m[37m"settings"[0m [94mAS[0m [37m"User__User_center_settings"[0m[37m,[0m [37m"User__User_center"[0m[37m.[0m[37m"owner"[0m [94mAS[0m [37m"User__User_center_owner"[0m[37m,[0m [37m"User__User_center"[0m[37m.[0m[37m"createdAt"[0m [94mAS[0m [37m"User__User_center_createdAt"[0m[37m,[0m [37m"User__User_center"[0m[37m.[0m[37m"updatedAt"[0m [94mAS[0m [37m"User__User_center_updatedAt"[0m [94mFROM[0m [37m"users"[0m [37m"User"[0m [94mLEFT JOIN[0m [37m"centers"[0m [37m"User__User_center"[0m [94mON[0m [37m"User__User_center"[0m[37m.[0m[37m"id"[0m[37m=[0m[37m"User"[0m[37m.[0m[37m"centerId"[0m [94mWHERE[0m [37m([0m[37m([0m[37m"User"[0m[37m.[0m[37m"id"[0m [37m=[0m [37m$[0m[32m1[0m[37m)[0m [94mAND[0m [37m([0m[37m"User"[0m[37m.[0m[37m"isActive"[0m [37m=[0m [37m$[0m[32m2[0m[37m)[0m[37m)[0m[37m)[0m [37m"distinctAlias"[0m [94mORDER BY[0m [37m"User_id"[0m [94mASC[0m [94mLIMIT[0m [32m1[0m [90m-- PARAMETERS: ["7366405b-a7d3-4b39-8876-ee5e64775438",true][0m
[90m[4mquery:[24m[39m [94mSELECT[0m [37m"User"[0m[37m.[0m[37m"id"[0m [94mAS[0m [37m"User_id"[0m[37m,[0m [37m"User"[0m[37m.[0m[37m"email"[0m [94mAS[0m [37m"User_email"[0m[37m,[0m [37m"User"[0m[37m.[0m[37m"name"[0m [94mAS[0m [37m"User_name"[0m[37m,[0m [37m"User"[0m[37m.[0m[37m"role"[0m [94mAS[0m [37m"User_role"[0m[37m,[0m [37m"User"[0m[37m.[0m[37m"centerId"[0m [94mAS[0m [37m"User_centerId"[0m[37m,[0m [37m"User"[0m[37m.[0m[37m"settings"[0m [94mAS[0m [37m"User_settings"[0m[37m,[0m [37m"User"[0m[37m.[0m[37m"phone"[0m [94mAS[0m [37m"User_phone"[0m[37m,[0m [37m"User"[0m[37m.[0m[37m"avatar"[0m [94mAS[0m [37m"User_avatar"[0m[37m,[0m [37m"User"[0m[37m.[0m[37m"isActive"[0m [94mAS[0m [37m"User_isActive"[0m[37m,[0m [37m"User"[0m[37m.[0m[37m"lastLogin"[0m [94mAS[0m [37m"User_lastLogin"[0m[37m,[0m [37m"User"[0m[37m.[0m[37m"tokenBalance"[0m [94mAS[0m [37m"User_tokenBalance"[0m[37m,[0m [37m"User"[0m[37m.[0m[37m"deviceToken"[0m [94mAS[0m [37m"User_deviceToken"[0m[37m,[0m [37m"User"[0m[37m.[0m[37m"passwordHash"[0m [94mAS[0m [37m"User_passwordHash"[0m[37m,[0m [37m"User"[0m[37m.[0m[37m"twoFactorEnabled"[0m [94mAS[0m [37m"User_twoFactorEnabled"[0m[37m,[0m [37m"User"[0m[37m.[0m[37m"twoFactorSecret"[0m [94mAS[0m [37m"User_twoFactorSecret"[0m[37m,[0m [37m"User"[0m[37m.[0m[37m"passwordResetToken"[0m [94mAS[0m [37m"User_passwordResetToken"[0m[37m,[0m [37m"User"[0m[37m.[0m[37m"passwordResetExpiresAt"[0m [94mAS[0m [37m"User_passwordResetExpiresAt"[0m[37m,[0m [37m"User"[0m[37m.[0m[37m"emailVerifyToken"[0m [94mAS[0m [37m"User_emailVerifyToken"[0m[37m,[0m [37m"User"[0m[37m.[0m[37m"emailVerifyExpiresAt"[0m [94mAS[0m [37m"User_emailVerifyExpiresAt"[0m[37m,[0m [37m"User"[0m[37m.[0m[37m"emailVerified"[0m [94mAS[0m [37m"User_emailVerified"[0m[37m,[0m [37m"User"[0m[37m.[0m[37m"createdAt"[0m [94mAS[0m [37m"User_createdAt"[0m[37m,[0m [37m"User"[0m[37m.[0m[37m"updatedAt"[0m [94mAS[0m [37m"User_updatedAt"[0m[37m,[0m [37m"User__User_center"[0m[37m.[0m[37m"id"[0m [94mAS[0m [37m"User__User_center_id"[0m[37m,[0m [37m"User__User_center"[0m[37m.[0m[37m"name"[0m [94mAS[0m [37m"User__User_center_name"[0m[37m,[0m [37m"User__User_center"[0m[37m.[0m[37m"locationId"[0m [94mAS[0m [37m"User__User_center_locationId"[0m[37m,[0m [37m"User__User_center"[0m[37m.[0m[37m"status"[0m [94mAS[0m [37m"User__User_center_status"[0m[37m,[0m [37m"User__User_center"[0m[37m.[0m[37m"settings"[0m [94mAS[0m [37m"User__User_center_settings"[0m[37m,[0m [37m"User__User_center"[0m[37m.[0m[37m"owner"[0m [94mAS[0m [37m"User__User_center_owner"[0m[37m,[0m [37m"User__User_center"[0m[37m.[0m[37m"createdAt"[0m [94mAS[0m [37m"User__User_center_createdAt"[0m[37m,[0m [37m"User__User_center"[0m[37m.[0m[37m"updatedAt"[0m [94mAS[0m [37m"User__User_center_updatedAt"[0m [94mFROM[0m [37m"users"[0m [37m"User"[0m [94mLEFT JOIN[0m [37m"centers"[0m [37m"User__User_center"[0m [94mON[0m [37m"User__User_center"[0m[37m.[0m[37m"id"[0m[37m=[0m[37m"User"[0m[37m.[0m[37m"centerId"[0m [94mWHERE[0m [37m([0m [37m([0m[37m([0m[37m"User"[0m[37m.[0m[37m"id"[0m [37m=[0m [37m$[0m[32m1[0m[37m)[0m [94mAND[0m [37m([0m[37m"User"[0m[37m.[0m[37m"isActive"[0m [37m=[0m [37m$[0m[32m2[0m[37m)[0m[37m)[0m [37m)[0m [94mAND[0m [37m([0m [37m"User"[0m[37m.[0m[37m"id"[0m [94mIN[0m [37m([0m[37m$[0m[32m3[0m[37m)[0m [37m)[0m [90m-- PARAMETERS: ["7366405b-a7d3-4b39-8876-ee5e64775438",true,"7366405b-a7d3-4b39-8876-ee5e64775438"][0m
[90m[4mquery:[24m[39m [94mSELECT[0m [37m"User"[0m[37m.[0m[37m"id"[0m [94mAS[0m [37m"User_id"[0m[37m,[0m [37m"User"[0m[37m.[0m[37m"email"[0m [94mAS[0m [37m"User_email"[0m[37m,[0m [37m"User"[0m[37m.[0m[37m"name"[0m [94mAS[0m [37m"User_name"[0m[37m,[0m [37m"User"[0m[37m.[0m[37m"role"[0m [94mAS[0m [37m"User_role"[0m[37m,[0m [37m"User"[0m[37m.[0m[37m"centerId"[0m [94mAS[0m [37m"User_centerId"[0m[37m,[0m [37m"User"[0m[37m.[0m[37m"settings"[0m [94mAS[0m [37m"User_settings"[0m[37m,[0m [37m"User"[0m[37m.[0m[37m"phone"[0m [94mAS[0m [37m"User_phone"[0m[37m,[0m [37m"User"[0m[37m.[0m[37m"avatar"[0m [94mAS[0m [37m"User_avatar"[0m[37m,[0m [37m"User"[0m[37m.[0m[37m"isActive"[0m [94mAS[0m [37m"User_isActive"[0m[37m,[0m [37m"User"[0m[37m.[0m[37m"lastLogin"[0m [94mAS[0m [37m"User_lastLogin"[0m[37m,[0m [37m"User"[0m[37m.[0m[37m"tokenBalance"[0m [94mAS[0m [37m"User_tokenBalance"[0m[37m,[0m [37m"User"[0m[37m.[0m[37m"deviceToken"[0m [94mAS[0m [37m"User_deviceToken"[0m[37m,[0m [37m"User"[0m[37m.[0m[37m"passwordHash"[0m [94mAS[0m [37m"User_passwordHash"[0m[37m,[0m [37m"User"[0m[37m.[0m[37m"twoFactorEnabled"[0m [94mAS[0m [37m"User_twoFactorEnabled"[0m[37m,[0m [37m"User"[0m[37m.[0m[37m"twoFactorSecret"[0m [94mAS[0m [37m"User_twoFactorSecret"[0m[37m,[0m [37m"User"[0m[37m.[0m[37m"passwordResetToken"[0m [94mAS[0m [37m"User_passwordResetToken"[0m[37m,[0m [37m"User"[0m[37m.[0m[37m"passwordResetExpiresAt"[0m [94mAS[0m [37m"User_passwordResetExpiresAt"[0m[37m,[0m [37m"User"[0m[37m.[0m[37m"emailVerifyToken"[0m [94mAS[0m [37m"User_emailVerifyToken"[0m[37m,[0m [37m"User"[0m[37m.[0m[37m"emailVerifyExpiresAt"[0m [94mAS[0m [37m"User_emailVerifyExpiresAt"[0m[37m,[0m [37m"User"[0m[37m.[0m[37m"emailVerified"[0m [94mAS[0m [37m"User_emailVerified"[0m[37m,[0m [37m"User"[0m[37m.[0m[37m"createdAt"[0m [94mAS[0m [37m"User_createdAt"[0m[37m,[0m [37m"User"[0m[37m.[0m[37m"updatedAt"[0m [94mAS[0m [37m"User_updatedAt"[0m[37m,[0m [37m"User__User_center"[0m[37m.[0m[37m"id"[0m [94mAS[0m [37m"User__User_center_id"[0m[37m,[0m [37m"User__User_center"[0m[37m.[0m[37m"name"[0m [94mAS[0m [37m"User__User_center_name"[0m[37m,[0m [37m"User__User_center"[0m[37m.[0m[37m"locationId"[0m [94mAS[0m [37m"User__User_center_locationId"[0m[37m,[0m [37m"User__User_center"[0m[37m.[0m[37m"status"[0m [94mAS[0m [37m"User__User_center_status"[0m[37m,[0m [37m"User__User_center"[0m[37m.[0m[37m"settings"[0m [94mAS[0m [37m"User__User_center_settings"[0m[37m,[0m [37m"User__User_center"[0m[37m.[0m[37m"owner"[0m [94mAS[0m [37m"User__User_center_owner"[0m[37m,[0m [37m"User__User_center"[0m[37m.[0m[37m"createdAt"[0m [94mAS[0m [37m"User__User_center_createdAt"[0m[37m,[0m [37m"User__User_center"[0m[37m.[0m[37m"updatedAt"[0m [94mAS[0m [37m"User__User_center_updatedAt"[0m [94mFROM[0m [37m"users"[0m [37m"User"[0m [94mLEFT JOIN[0m [37m"centers"[0m [37m"User__User_center"[0m [94mON[0m [37m"User__User_center"[0m[37m.[0m[37m"id"[0m[37m=[0m[37m"User"[0m[37m.[0m[37m"centerId"[0m [94mWHERE[0m [37m([0m [37m([0m[37m([0m[37m"User"[0m[37m.[0m[37m"id"[0m [37m=[0m [37m$[0m[32m1[0m[37m)[0m [94mAND[0m [37m([0m[37m"User"[0m[37m.[0m[37m"isActive"[0m [37m=[0m [37m$[0m[32m2[0m[37m)[0m[37m)[0m [37m)[0m [94mAND[0m [37m([0m [37m"User"[0m[37m.[0m[37m"id"[0m [94mIN[0m [37m([0m[37m$[0m[32m3[0m[37m)[0m [37m)[0m [90m-- PARAMETERS: ["7366405b-a7d3-4b39-8876-ee5e64775438",true,"7366405b-a7d3-4b39-8876-ee5e64775438"][0m
[90m[4mquery:[24m[39m [94mSELECT[0m [95mCOUNT[0m[37m([0m[32m1[0m[37m)[0m [94mAS[0m [37m"cnt"[0m [94mFROM[0m [37m"users"[0m [37m"user"[0m
[90m[4mquery:[24m[39m [94mSELECT[0m [37m"user"[0m[37m.[0m[37m"id"[0m [94mAS[0m [37m"user_id"[0m[37m,[0m [37m"user"[0m[37m.[0m[37m"email"[0m [94mAS[0m [37m"user_email"[0m[37m,[0m [37m"user"[0m[37m.[0m[37m"name"[0m [94mAS[0m [37m"user_name"[0m[37m,[0m [37m"user"[0m[37m.[0m[37m"role"[0m [94mAS[0m [37m"user_role"[0m[37m,[0m [37m"user"[0m[37m.[0m[37m"centerId"[0m [94mAS[0m [37m"user_centerId"[0m[37m,[0m [37m"user"[0m[37m.[0m[37m"settings"[0m [94mAS[0m [37m"user_settings"[0m[37m,[0m [37m"user"[0m[37m.[0m[37m"phone"[0m [94mAS[0m [37m"user_phone"[0m[37m,[0m [37m"user"[0m[37m.[0m[37m"avatar"[0m [94mAS[0m [37m"user_avatar"[0m[37m,[0m [37m"user"[0m[37m.[0m[37m"isActive"[0m [94mAS[0m [37m"user_isActive"[0m[37m,[0m [37m"user"[0m[37m.[0m[37m"lastLogin"[0m [94mAS[0m [37m"user_lastLogin"[0m[37m,[0m [37m"user"[0m[37m.[0m[37m"tokenBalance"[0m [94mAS[0m [37m"user_tokenBalance"[0m[37m,[0m [37m"user"[0m[37m.[0m[37m"deviceToken"[0m [94mAS[0m [37m"user_deviceToken"[0m[37m,[0m [37m"user"[0m[37m.[0m[37m"passwordHash"[0m [94mAS[0m [37m"user_passwordHash"[0m[37m,[0m [37m"user"[0m[37m.[0m[37m"twoFactorEnabled"[0m [94mAS[0m [37m"user_twoFactorEnabled"[0m[37m,[0m [37m"user"[0m[37m.[0m[37m"twoFactorSecret"[0m [94mAS[0m [37m"user_twoFactorSecret"[0m[37m,[0m [37m"user"[0m[37m.[0m[37m"passwordResetToken"[0m [94mAS[0m [37m"user_passwordResetToken"[0m[37m,[0m [37m"user"[0m[37m.[0m[37m"passwordResetExpiresAt"[0m [94mAS[0m [37m"user_passwordResetExpiresAt"[0m[37m,[0m [37m"user"[0m[37m.[0m[37m"emailVerifyToken"[0m [94mAS[0m [37m"user_emailVerifyToken"[0m[37m,[0m [37m"user"[0m[37m.[0m[37m"emailVerifyExpiresAt"[0m [94mAS[0m [37m"user_emailVerifyExpiresAt"[0m[37m,[0m [37m"user"[0m[37m.[0m[37m"emailVerified"[0m [94mAS[0m [37m"user_emailVerified"[0m[37m,[0m [37m"user"[0m[37m.[0m[37m"createdAt"[0m [94mAS[0m [37m"user_createdAt"[0m[37m,[0m [37m"user"[0m[37m.[0m[37m"updatedAt"[0m [94mAS[0m [37m"user_updatedAt"[0m[37m,[0m [37m"center"[0m[37m.[0m[37m"id"[0m [94mAS[0m [37m"center_id"[0m[37m,[0m [37m"center"[0m[37m.[0m[37m"name"[0m [94mAS[0m [37m"center_name"[0m[37m,[0m [37m"center"[0m[37m.[0m[37m"locationId"[0m [94mAS[0m [37m"center_locationId"[0m[37m,[0m [37m"center"[0m[37m.[0m[37m"status"[0m [94mAS[0m [37m"center_status"[0m[37m,[0m [37m"center"[0m[37m.[0m[37m"settings"[0m [94mAS[0m [37m"center_settings"[0m[37m,[0m [37m"center"[0m[37m.[0m[37m"owner"[0m [94mAS[0m [37m"center_owner"[0m[37m,[0m [37m"center"[0m[37m.[0m[37m"createdAt"[0m [94mAS[0m [37m"center_createdAt"[0m[37m,[0m [37m"center"[0m[37m.[0m[37m"updatedAt"[0m [94mAS[0m [37m"center_updatedAt"[0m [94mFROM[0m [37m"users"[0m [37m"user"[0m [94mLEFT JOIN[0m [37m"centers"[0m [37m"center"[0m [94mON[0m [37m"center"[0m[37m.[0m[37m"id"[0m[37m=[0m[37m"user"[0m[37m.[0m[37m"centerId"[0m [94mORDER BY[0m [37m"user"[0m[37m.[0m[37m"createdAt"[0m [94mDESC[0m [94mLIMIT[0m [32m50[0m
[7m[1m[36m NX [39m[22m[27m [1mProcess exited with code 4294967295, waiting for changes to restart...[22m
